,36,72,45,27,54,18,63,9,0,46,52,37,43,55,61,34,28,19,25,64,70,60,56,66,68,30,32,50,48,20,24,79,73,16,10,7,1,41,39,33,29,57,59,23,21,77,75,42,38,15,11,47,51,6,2,69,65,14,12,22,3,5,31,40
0,1.0023,0.9982700000000001,0.99975,1.0072,0.9934,1.0125,0.99069,1.0163,1.0211,0.027714999999999997,0.027714999999999997,0.019318000000000002,0.019318000000000002,0.052142999999999995,0.052142999999999995,0.046137,0.046137,0.085276,0.085276,0.03592,0.03592,0.16401,0.16401,0.24686,0.24686,0.099964,0.099964,0.037674,0.037674,0.26188,0.26188,0.021481,0.021481,0.32661999999999997,0.32661999999999997,0.30230999999999997,0.30230999999999997,0.09509400000000001,0.09509400000000001,0.25408000000000003,0.25408000000000003,0.17142000000000002,0.17142000000000002,0.10214,0.10214,0.1718,0.1718,0.15369000000000002,0.15369000000000002,0.7236100000000001,0.7236100000000001,0.3489,0.3489,0.8291,0.8291,0.4983,0.4983,0.18608,0.18608,0.36238000000000004,0.3626,0.3626,0.62107,0.81389
1,1.0026,0.99865,1.0001,1.0069,0.9956299999999999,1.011,0.9940700000000001,1.0121,1.0151,0.017306000000000002,0.017306000000000002,0.075994,0.075994,0.037732999999999996,0.037732999999999996,0.02224,0.02224,0.094345,0.094345,0.089377,0.089377,0.18637,0.18637,0.28223000000000004,0.28223000000000004,0.18422,0.18422,0.14697000000000002,0.14697000000000002,0.26161,0.26161,0.20931,0.20931,0.14201,0.14201,0.031589,0.031589,0.3277,0.3277,0.27086,0.27086,0.1934,0.1934,0.13457,0.13457,0.10747999999999999,0.10747999999999999,0.23385,0.23385,0.24773,0.24773,0.5242,0.5242,0.26653000000000004,0.26653000000000004,0.8553200000000001,0.8553200000000001,0.44023,0.44023,0.20863,0.27849,0.27849,0.9951399999999999,0.99324
2,1.0024,0.9986299999999999,1.0001,1.0057,0.9963200000000001,1.0083,0.99485,1.0109,1.0138,0.0032898000000000003,0.0032898000000000003,0.061814999999999995,0.061814999999999995,0.030989999999999997,0.030989999999999997,0.088352,0.088352,0.045929000000000005,0.045929000000000005,0.11355,0.11355,0.13179000000000002,0.13179000000000002,0.073923,0.073923,0.058290999999999996,0.058290999999999996,0.13527,0.13527,0.06478400000000001,0.06478400000000001,0.038345,0.038345,0.15942,0.15942,0.013424,0.013424,0.099036,0.099036,0.14019,0.14019,0.092642,0.092642,0.062787,0.062787,0.18582,0.18582,0.11341,0.11341,0.37099,0.37099,0.49446999999999997,0.49446999999999997,0.29679,0.29679,0.6714399999999999,0.6714399999999999,0.21918,0.21918,0.14677,0.60596,0.60596,0.058116999999999995,0.47573999999999994
3,1.0021,0.9986200000000001,0.9995200000000001,1.006,0.99503,1.0094,0.99208,1.013,1.0168,0.014563999999999999,0.014563999999999999,0.048183,0.048183,0.02023,0.02023,0.070963,0.070963,0.051072,0.051072,0.03718,0.03718,0.14339000000000002,0.14339000000000002,0.05697000000000001,0.05697000000000001,0.076498,0.076498,0.13557,0.13557,0.13767000000000001,0.13767000000000001,0.099337,0.099337,0.16605,0.16605,0.2943,0.2943,0.013217,0.013217,0.33004,0.33004,0.12863,0.12863,0.17956,0.17956,0.27205,0.27205,0.27204,0.27204,0.26607,0.26607,0.61728,0.61728,0.38435,0.38435,0.63181,0.63181,0.3844,0.3844,0.28225,0.3066,0.3066,1.0155,1.1752
4,1.0022,0.99841,0.99946,1.0068,0.99356,1.0111,0.99024,1.0152,1.0196,0.010669,0.010669,0.0506,0.0506,0.051870000000000006,0.051870000000000006,0.10117999999999999,0.10117999999999999,0.089173,0.089173,0.036681,0.036681,0.060633000000000006,0.060633000000000006,0.13637,0.13637,0.17815999999999999,0.17815999999999999,0.08878899999999999,0.08878899999999999,0.19825,0.19825,0.038169,0.038169,0.23365,0.23365,0.10009,0.10009,0.38518,0.38518,0.17451,0.17451,0.17412,0.17412,0.049025,0.049025,0.40252,0.40252,0.13927,0.13927,0.12592,0.12592,0.48489,0.48489,0.4195,0.4195,0.49625,0.49625,0.31388,0.31388,0.14338,0.21386,0.21386,0.80397,1.2311
5,1.0022,0.99874,0.9996200000000001,1.0064,0.9946799999999999,1.0108,0.99179,1.0133,1.0184,0.017666,0.017666,0.027832,0.027832,0.017518000000000002,0.017518000000000002,0.03395,0.03395,0.053480999999999994,0.053480999999999994,0.024684,0.024684,0.17887,0.17887,0.07515,0.07515,0.24633000000000002,0.24633000000000002,0.31327,0.31327,0.19077,0.19077,0.072041,0.072041,0.16844,0.16844,0.10903,0.10903,0.21001999999999998,0.21001999999999998,0.36514,0.36514,0.12985,0.12985,0.41186000000000006,0.41186000000000006,0.065288,0.065288,0.24516999999999997,0.24516999999999997,0.23920999999999998,0.23920999999999998,0.47368999999999994,0.47368999999999994,0.2239,0.2239,0.70249,0.70249,0.3792,0.3792,0.4246,0.34905,0.34905,1.2291,1.5909
6,1.0021,0.9986,0.99972,1.006,0.9947,1.0091,0.99154,1.0134,1.018,0.023083000000000003,0.023083000000000003,0.052943,0.052943,0.060197,0.060197,0.098233,0.098233,0.060091,0.060091,0.046842,0.046842,0.19338,0.19338,0.14012,0.14012,0.4139,0.4139,0.17651,0.17651,0.16088,0.16088,0.13265,0.13265,0.30483000000000005,0.30483000000000005,0.30349,0.30349,0.32685,0.32685,0.19768,0.19768,0.39094,0.39094,0.26743,0.26743,0.11194000000000001,0.11194000000000001,0.18206,0.18206,0.27776,0.27776,0.5301100000000001,0.5301100000000001,0.26783,0.26783,0.59924,0.59924,0.27126,0.27126,0.29125,0.13994,0.13994,0.9006,1.4142
7,1.0021,0.99828,0.99929,1.0066,0.99344,1.0109,0.9899700000000001,1.0155,1.0217,0.015044,0.015044,0.049608,0.049608,0.03874,0.03874,0.073369,0.073369,0.013434999999999999,0.013434999999999999,0.005713,0.005713,0.075272,0.075272,0.18059,0.18059,0.05334,0.05334,0.12634,0.12634,0.21738000000000002,0.21738000000000002,0.1642,0.1642,0.25469,0.25469,0.20806,0.20806,0.058162,0.058162,0.10237,0.10237,0.04529,0.04529,0.07846900000000001,0.07846900000000001,0.36463,0.36463,0.048542,0.048542,0.019047,0.019047,0.31717,0.31717,0.44363,0.44363,0.3414,0.3414,0.12175,0.12175,0.07434400000000001,0.058564,0.058564,0.51042,1.0645
8,1.0021,0.9989100000000001,0.9999,1.0056,0.99572,1.0094,0.99384,1.0117,1.0161,0.035733,0.035733,0.058135,0.058135,0.02805,0.02805,0.04567,0.04567,0.12978,0.12978,0.1748,0.1748,0.1342,0.1342,0.31701999999999997,0.31701999999999997,0.11015,0.11015,0.17488,0.17488,0.18671,0.18671,0.22393000000000002,0.22393000000000002,0.16884000000000002,0.16884000000000002,0.22878,0.22878,0.30116,0.30116,0.22734000000000001,0.22734000000000001,0.26211,0.26211,0.14695,0.14695,0.50057,0.50057,0.25143000000000004,0.25143000000000004,0.46771999999999997,0.46771999999999997,0.49343000000000004,0.49343000000000004,0.7426,0.7426,0.6984,0.6984,0.38923,0.38923,0.3895,0.6048399999999999,0.6048399999999999,1.2664,1.4525
9,1.0021,0.9988799999999999,0.99982,1.0057,0.99565,1.0091,0.99355,1.012,1.016,0.0075747,0.0075747,0.025263999999999998,0.025263999999999998,0.035675,0.035675,0.041285,0.041285,0.021622,0.021622,0.050914,0.050914,0.27232,0.27232,0.13635,0.13635,0.24781999999999998,0.24781999999999998,0.12105999999999999,0.12105999999999999,0.072923,0.072923,0.15746,0.15746,0.12573,0.12573,0.11499000000000001,0.11499000000000001,0.23128,0.23128,0.46335,0.46335,0.037182,0.037182,0.07023,0.07023,0.54605,0.54605,0.47063999999999995,0.47063999999999995,0.5241600000000001,0.5241600000000001,0.62578,0.62578,0.25196999999999997,0.25196999999999997,0.75959,0.75959,0.43421000000000004,0.43421000000000004,0.57645,0.43406000000000006,0.43406000000000006,1.0225,1.3924
10,1.0024,0.99845,0.9997299999999999,1.0071,0.99419,1.0115,0.9916799999999999,1.0153,1.0204,0.011114,0.011114,0.010009,0.010009,0.040341,0.040341,0.04736,0.04736,0.03215,0.03215,0.019915000000000002,0.019915000000000002,0.017549000000000002,0.017549000000000002,0.022578,0.022578,0.099225,0.099225,0.094003,0.094003,0.20572,0.20572,0.074767,0.074767,0.13471,0.13471,0.07937000000000001,0.07937000000000001,0.081653,0.081653,0.22041999999999998,0.22041999999999998,0.22011,0.22011,0.17786,0.17786,0.4116,0.4116,0.34955,0.34955,0.07935700000000001,0.07935700000000001,0.52884,0.52884,0.3186,0.3186,0.55009,0.55009,0.13766,0.13766,0.41617,0.14147,0.14147,1.0278,1.1893
11,1.0021,0.9989899999999999,1.0003,1.0061,0.9962,1.0112,0.99634,1.0138,1.0290000000000001,0.009877,0.009877,0.081245,0.081245,0.067013,0.067013,0.028812,0.028812,0.083259,0.083259,0.031463,0.031463,0.25409,0.25409,0.25353000000000003,0.25353000000000003,0.2344,0.2344,0.074576,0.074576,0.1879,0.1879,0.082978,0.082978,0.2637,0.2637,0.05998200000000001,0.05998200000000001,0.24424,0.24424,0.1523,0.1523,0.084316,0.084316,0.22289,0.22289,0.1577,0.1577,0.58277,0.58277,0.45775,0.45775,0.64059,0.64059,0.40365999999999996,0.40365999999999996,0.57706,0.57706,0.16064,0.16064,0.24963000000000002,0.30055,0.30055,0.19881,0.66052
12,1.0021,0.99905,1.0002,1.005,0.99613,1.008,0.996,1.0093,1.0129,0.021515,0.021515,0.052672000000000004,0.052672000000000004,0.055233000000000004,0.055233000000000004,0.040793,0.040793,0.011921,0.011921,0.12100999999999999,0.12100999999999999,0.16908,0.16908,0.13701,0.13701,0.13093,0.13093,0.035495,0.035495,0.1479,0.1479,0.31223,0.31223,0.18348,0.18348,0.088438,0.088438,0.088817,0.088817,0.090076,0.090076,0.3023,0.3023,0.18917,0.18917,0.37594,0.37594,0.29014,0.29014,0.33033,0.33033,0.11448,0.11448,0.16101,0.16101,0.65395,0.65395,0.37925,0.37925,0.33226999999999995,0.21916,0.21916,0.33532,0.1796
13,1.002,0.99865,0.99971,1.006,0.99498,1.0099,0.9940100000000001,1.0125,1.0193,0.024387,0.024387,0.033324,0.033324,0.014523,0.014523,0.0098372,0.0098372,0.052012,0.052012,0.027014,0.027014,0.15527,0.15527,0.17811,0.17811,0.039106,0.039106,0.12077,0.12077,0.21347,0.21347,0.13501,0.13501,0.16635,0.16635,0.17459000000000002,0.17459000000000002,0.071782,0.071782,0.17474,0.17474,0.073659,0.073659,0.16804000000000002,0.16804000000000002,0.26589,0.26589,0.21536,0.21536,0.36814,0.36814,0.095236,0.095236,0.65089,0.65089,0.34692,0.34692,0.024386,0.024386,0.55035,0.16357,0.16357,0.020562999999999998,0.0045763999999999996
14,1.0017,0.9987799999999999,0.9992,1.006,0.9944700000000001,1.01,0.993,1.0135,1.0216,0.0098235,0.0098235,0.031704,0.031704,0.048677,0.048677,0.029667000000000002,0.029667000000000002,0.057385000000000005,0.057385000000000005,0.031106,0.031106,0.099899,0.099899,0.10712999999999999,0.10712999999999999,0.10485,0.10485,0.067669,0.067669,0.20826,0.20826,0.090714,0.090714,0.050381999999999996,0.050381999999999996,0.10677,0.10677,0.028722,0.028722,0.18608,0.18608,0.24875,0.24875,0.080316,0.080316,0.2571,0.2571,0.25066,0.25066,0.26866,0.26866,0.038827999999999994,0.038827999999999994,0.41911000000000004,0.41911000000000004,0.23606999999999997,0.23606999999999997,0.27529000000000003,0.27529000000000003,0.025587000000000002,0.07458300000000001,0.07458300000000001,0.44056000000000006,0.7811600000000001
15,1.0021,0.9985700000000001,1.0002,1.0052,0.99585,1.0084,0.9939600000000001,1.0118,1.0159,0.062335,0.062335,0.065376,0.065376,0.042648,0.042648,0.072785,0.072785,0.036063,0.036063,0.11264,0.11264,0.24755,0.24755,0.21147,0.21147,0.16197999999999999,0.16197999999999999,0.2997,0.2997,0.24235,0.24235,0.099209,0.099209,0.49387,0.49387,0.55655,0.55655,0.31356,0.31356,0.13145,0.13145,0.048086000000000004,0.048086000000000004,0.17171,0.17171,0.46278,0.46278,0.07508300000000001,0.07508300000000001,0.25961999999999996,0.25961999999999996,0.27109,0.27109,0.45828,0.45828,0.27098,0.27098,0.42945,0.42945,0.17833,0.07118300000000001,0.07118300000000001,0.26689,0.9082600000000001
16,1.0022,0.99864,0.99902,1.0073,0.9929600000000001,1.0119,0.99277,1.014,1.0223,0.0068706999999999996,0.0068706999999999996,0.006737100000000001,0.006737100000000001,0.012398000000000001,0.012398000000000001,0.011423,0.011423,0.007506699999999999,0.007506699999999999,0.024987,0.024987,0.27384000000000003,0.27384000000000003,0.11982000000000001,0.11982000000000001,0.02885,0.02885,0.010281,0.010281,0.31404,0.31404,0.049134,0.049134,0.031333,0.031333,0.11,0.11,0.051910000000000005,0.051910000000000005,0.20296,0.20296,0.055142,0.055142,0.07397999999999999,0.07397999999999999,0.15505,0.15505,0.31169,0.31169,0.58245,0.58245,0.26911,0.26911,0.66225,0.66225,0.6814399999999999,0.6814399999999999,0.02456,0.02456,0.19885999999999998,0.16965,0.16965,0.10137,0.21255
17,1.0018,0.99895,0.9994299999999999,1.0057,0.9952,1.0095,0.9950700000000001,1.0108,1.0176,0.0066509,0.0066509,0.013631,0.013631,0.047937,0.047937,0.033451,0.033451,0.046245,0.046245,0.042845999999999995,0.042845999999999995,0.20646,0.20646,0.055284,0.055284,0.18441,0.18441,0.051900999999999996,0.051900999999999996,0.21369000000000002,0.21369000000000002,0.1108,0.1108,0.047424,0.047424,0.094796,0.094796,0.069823,0.069823,0.16508,0.16508,0.13483,0.13483,0.15189,0.15189,0.13155,0.13155,0.24194000000000002,0.24194000000000002,0.47003,0.47003,0.21029,0.21029,0.51517,0.51517,0.45131000000000004,0.45131000000000004,0.026472000000000002,0.026472000000000002,0.22887,0.082986,0.082986,0.034253,0.079711
18,1.0023,0.9986,1.0003,1.0061,0.9951700000000001,1.0102,0.9922799999999999,1.0128,1.0151,0.032764,0.032764,0.039223,0.039223,0.05716,0.05716,0.11399000000000001,0.11399000000000001,0.032881,0.032881,0.04941,0.04941,0.20649,0.20649,0.004988,0.004988,0.15323,0.15323,0.30086999999999997,0.30086999999999997,0.19931,0.19931,0.1319,0.1319,0.17062,0.17062,0.11622,0.11622,0.14117000000000002,0.14117000000000002,0.29807,0.29807,0.32074,0.32074,0.18962,0.18962,0.1002,0.1002,0.29974,0.29974,0.25117,0.25117,0.41431,0.41431,0.82757,0.82757,0.62731,0.62731,0.6231300000000001,0.6231300000000001,0.57006,0.1507,0.1507,0.55307,1.4204
19,1.0018,0.99854,0.99918,1.0064,0.9941399999999999,1.0102,0.9916200000000001,1.0134,1.0204,0.0062093999999999995,0.0062093999999999995,0.069711,0.069711,0.029136000000000002,0.029136000000000002,0.081587,0.081587,0.024115,0.024115,0.023171999999999998,0.023171999999999998,0.06430599999999999,0.06430599999999999,0.28502,0.28502,0.11785999999999999,0.11785999999999999,0.13889,0.13889,0.21473000000000003,0.21473000000000003,0.16464,0.16464,0.24113,0.24113,0.20697,0.20697,0.050225,0.050225,0.10386,0.10386,0.025932999999999998,0.025932999999999998,0.1474,0.1474,0.33603,0.33603,0.1012,0.1012,0.16427999999999998,0.16427999999999998,0.38201,0.38201,0.56822,0.56822,0.24958000000000002,0.24958000000000002,0.1493,0.1493,0.020766,0.43968,0.43968,0.47688,0.73703
20,1.002,0.9990100000000001,0.99984,1.0051,0.99635,1.008,0.9953799999999999,1.0097,1.0145,0.0088012,0.0088012,0.0026941,0.0026941,0.016901,0.016901,0.029115,0.029115,0.029878,0.029878,0.029047000000000003,0.029047000000000003,0.12397000000000001,0.12397000000000001,0.12172999999999999,0.12172999999999999,0.12305999999999999,0.12305999999999999,0.014896000000000001,0.014896000000000001,0.19752999999999998,0.19752999999999998,0.068272,0.068272,0.081815,0.081815,0.044654,0.044654,0.08594700000000001,0.08594700000000001,0.020347999999999998,0.020347999999999998,0.052423000000000004,0.052423000000000004,0.080239,0.080239,0.045951,0.045951,0.13113,0.13113,0.24945,0.24945,0.13252,0.13252,0.25344,0.25344,0.27026,0.27026,0.093448,0.093448,0.004853499999999999,0.11867,0.11867,0.24026,0.8146399999999999
21,1.0021,0.9985200000000001,0.9995299999999999,1.0069,0.99365,1.0116,0.99329,1.0137,1.0209,0.01251,0.01251,0.011602,0.011602,0.022504,0.022504,0.013649000000000001,0.013649000000000001,0.014618,0.014618,0.006712699999999999,0.006712699999999999,0.39225,0.39225,0.058526,0.058526,0.055501999999999996,0.055501999999999996,0.079514,0.079514,0.36030999999999996,0.36030999999999996,0.10175,0.10175,0.047118,0.047118,0.12665,0.12665,0.042069,0.042069,0.27231,0.27231,0.03427,0.03427,0.081287,0.081287,0.24313,0.24313,0.4564,0.4564,0.68447,0.68447,0.30457,0.30457,0.77653,0.77653,0.8101,0.8101,0.052644,0.052644,0.41802,0.15152000000000002,0.15152000000000002,0.05193,0.32871
22,1.0017,0.9985700000000001,0.99934,1.0066,0.9938100000000001,1.012,0.99284,1.0153,1.0285,0.0053715,0.0053715,0.0044147,0.0044147,0.037214,0.037214,0.032674,0.032674,0.029506,0.029506,0.15893,0.15893,0.20683,0.20683,0.13584000000000002,0.13584000000000002,0.045764,0.045764,0.10597000000000001,0.10597000000000001,0.13962,0.13962,0.077831,0.077831,0.056945,0.056945,0.14687999999999998,0.14687999999999998,0.031784,0.031784,0.086937,0.086937,0.07811799999999999,0.07811799999999999,0.1012,0.1012,0.22546,0.22546,0.23867,0.23867,0.39473,0.39473,0.12767,0.12767,0.31218,0.31218,0.41096000000000005,0.41096000000000005,0.11020999999999999,0.11020999999999999,0.36561,0.10749,0.10749,0.0057087,0.59131
23,1.0016,0.9988100000000001,0.9994299999999999,1.0056,0.9945700000000001,1.0102,0.99384,1.0133,1.0288,0.015174000000000002,0.015174000000000002,0.011525,0.011525,0.043851,0.043851,0.038804000000000005,0.038804000000000005,0.078263,0.078263,0.049568,0.049568,0.13663,0.13663,0.16272,0.16272,0.012355,0.012355,0.031938,0.031938,0.17085999999999998,0.17085999999999998,0.16624,0.16624,0.087243,0.087243,0.091713,0.091713,0.14837,0.14837,0.14169,0.14169,0.040238,0.040238,0.33168000000000003,0.33168000000000003,0.056361,0.056361,0.38359,0.38359,0.48551000000000005,0.48551000000000005,0.3143,0.3143,0.39797,0.39797,0.57533,0.57533,0.05778200000000001,0.05778200000000001,0.49358,0.33236,0.33236,0.18792999999999999,0.16204000000000002
24,1.0024,0.9982200000000001,0.99945,1.0072,0.9930899999999999,1.0122,0.99219,1.0142,1.0206,0.023854,0.023854,0.039451,0.039451,0.029316000000000002,0.029316000000000002,0.046334,0.046334,0.0057527,0.0057527,0.058589999999999996,0.058589999999999996,0.14632,0.14632,0.087263,0.087263,0.12495999999999999,0.12495999999999999,0.12236,0.12236,0.29284,0.29284,0.11918,0.11918,0.17769000000000001,0.17769000000000001,0.10924,0.10924,0.073301,0.073301,0.12399,0.12399,0.14362,0.14362,0.08304500000000001,0.08304500000000001,0.11717999999999999,0.11717999999999999,0.28589000000000003,0.28589000000000003,0.53169,0.53169,0.035048,0.035048,0.65309,0.65309,0.17374,0.17374,0.18256,0.18256,0.28543,0.1033,0.1033,0.1086,0.064218
25,1.0024,0.99864,0.99939,1.0068,0.99408,1.0107,0.9925,1.0134,1.0177,0.0088346,0.0088346,0.017662,0.017662,0.0071405,0.0071405,0.036693,0.036693,0.028049,0.028049,0.06866599999999999,0.06866599999999999,0.14661,0.14661,0.13652,0.13652,0.053704999999999996,0.053704999999999996,0.074103,0.074103,0.2937,0.2937,0.25065,0.25065,0.017235,0.017235,0.044025999999999996,0.044025999999999996,0.12894,0.12894,0.15353,0.15353,0.07636699999999999,0.07636699999999999,0.17336,0.17336,0.39804,0.39804,0.26449,0.26449,0.25194,0.25194,0.07364,0.07364,0.62602,0.62602,0.031363999999999996,0.031363999999999996,0.22732,0.22732,0.33259,0.093718,0.093718,0.27094,0.76075
26,1.002,0.99882,0.99976,1.0055,0.99529,1.0088,0.99382,1.0108,1.0152,0.014296000000000001,0.014296000000000001,0.013752,0.013752,0.033838,0.033838,0.039813,0.039813,0.014494,0.014494,0.093613,0.093613,0.095341,0.095341,0.016766999999999997,0.016766999999999997,0.15829000000000001,0.15829000000000001,0.17454,0.17454,0.13756,0.13756,0.15052000000000001,0.15052000000000001,0.1372,0.1372,0.14737,0.14737,0.051294000000000006,0.051294000000000006,0.1238,0.1238,0.10355999999999999,0.10355999999999999,0.25569000000000003,0.25569000000000003,0.34518000000000004,0.34518000000000004,0.20142000000000002,0.20142000000000002,0.23463,0.23463,0.080237,0.080237,0.31703000000000003,0.31703000000000003,0.12559,0.12559,0.1734,0.1734,0.049496,0.2267,0.2267,0.30259,0.30591999999999997
27,1.0022,0.99864,0.9989100000000001,1.0074,0.9923700000000001,1.0121,0.99131,1.014,1.0199,0.022791,0.022791,0.0018024999999999998,0.0018024999999999998,0.009198999999999999,0.009198999999999999,0.004664100000000001,0.004664100000000001,0.0057097,0.0057097,0.014965000000000001,0.014965000000000001,0.29884,0.29884,0.030144999999999998,0.030144999999999998,0.046564,0.046564,0.08239099999999999,0.08239099999999999,0.36286,0.36286,0.020618,0.020618,0.023821000000000002,0.023821000000000002,0.057898000000000005,0.057898000000000005,0.037593,0.037593,0.1901,0.1901,0.058986000000000004,0.058986000000000004,0.064948,0.064948,0.10853,0.10853,0.31561,0.31561,0.67161,0.67161,0.20583,0.20583,0.8393299999999999,0.8393299999999999,0.6661,0.6661,0.09307,0.09307,0.51179,0.10769000000000001,0.10769000000000001,0.43355,0.68014
28,1.0019,0.99915,0.99992,1.0054,0.9965,1.0088,0.9956299999999999,1.0101,1.0148,0.012996,0.012996,0.010795,0.010795,0.041483,0.041483,0.02943,0.02943,0.095015,0.095015,0.076789,0.076789,0.3258,0.3258,0.06194500000000001,0.06194500000000001,0.07605,0.07605,0.061558,0.061558,0.25609,0.25609,0.074776,0.074776,0.12836,0.12836,0.071471,0.071471,0.008519200000000001,0.008519200000000001,0.28824,0.28824,0.074603,0.074603,0.086132,0.086132,0.17498,0.17498,0.44627,0.44627,0.4988,0.4988,0.18034,0.18034,0.7106399999999999,0.7106399999999999,0.56174,0.56174,0.10475,0.10475,0.26008000000000003,0.26919,0.26919,0.33587,1.3913
29,1.002,0.99895,1.0002,1.0054,0.99603,1.0086,0.9953,1.01,1.0142,0.03253,0.03253,0.010636,0.010636,0.034127,0.034127,0.00881,0.00881,0.048954000000000004,0.048954000000000004,0.088145,0.088145,0.19262,0.19262,0.2929,0.2929,0.011224,0.011224,0.34979,0.34979,0.10380999999999999,0.10380999999999999,0.15852,0.15852,0.027457,0.027457,0.13472,0.13472,0.22701999999999997,0.22701999999999997,0.19491,0.19491,0.098738,0.098738,0.33957,0.33957,0.42658,0.42658,0.47934,0.47934,0.41525,0.41525,0.33434,0.33434,0.49325,0.49325,0.45219,0.45219,0.18816,0.18816,0.0026444000000000003,0.16896,0.16896,0.09790499999999999,0.74525
30,1.0022,0.99931,1.0004,1.0054,0.99666,1.0083,0.99584,1.0107,1.0129,0.031143,0.031143,0.042025,0.042025,0.073473,0.073473,0.069491,0.069491,0.14297,0.14297,0.20981,0.20981,0.053662,0.053662,0.24197,0.24197,0.048957,0.048957,0.08542000000000001,0.08542000000000001,0.22194,0.22194,0.18954000000000001,0.18954000000000001,0.041513999999999995,0.041513999999999995,0.29633000000000004,0.29633000000000004,0.19155,0.19155,0.28164,0.28164,0.30423,0.30423,0.1674,0.1674,0.4445,0.4445,0.32450999999999997,0.32450999999999997,0.4496,0.4496,0.11879,0.11879,0.29609,0.29609,0.20137,0.20137,0.53254,0.53254,0.36033000000000004,0.55398,0.55398,0.041016000000000004,0.9317
31,1.002,0.99921,0.9998100000000001,1.0055,0.9961200000000001,1.0087,0.9958799999999999,1.01,1.0151,0.011141,0.011141,0.0034174,0.0034174,0.064426,0.064426,0.039724,0.039724,0.059802999999999995,0.059802999999999995,0.093542,0.093542,0.19033,0.19033,0.15900999999999998,0.15900999999999998,0.0605,0.0605,0.19087,0.19087,0.21433000000000002,0.21433000000000002,0.050318,0.050318,0.019185,0.019185,0.19698,0.19698,0.12722,0.12722,0.14645,0.14645,0.09364700000000001,0.09364700000000001,0.16655,0.16655,0.28707,0.28707,0.10299000000000001,0.10299000000000001,0.50805,0.50805,0.23263000000000003,0.23263000000000003,0.67078,0.67078,0.38179,0.38179,0.16009,0.16009,0.13227,0.31289,0.31289,0.23381999999999997,1.4784
32,1.0021,0.9987799999999999,0.9997799999999999,1.0063,0.99456,1.0104,0.99367,1.0134,1.0193,0.018779,0.018779,0.011348,0.011348,0.070505,0.070505,0.046431,0.046431,0.047007,0.047007,0.10575999999999999,0.10575999999999999,0.096049,0.096049,0.18274,0.18274,0.05756,0.05756,0.084659,0.084659,0.11699999999999999,0.11699999999999999,0.19718,0.19718,0.070552,0.070552,0.059569000000000004,0.059569000000000004,0.095041,0.095041,0.06552899999999999,0.06552899999999999,0.10107000000000001,0.10107000000000001,0.027144,0.027144,0.28081999999999996,0.28081999999999996,0.14573,0.14573,0.20094,0.20094,0.16685999999999998,0.16685999999999998,0.3608,0.3608,0.088806,0.088806,0.06440499999999999,0.06440499999999999,0.09905599999999999,0.093981,0.093981,0.46276999999999996,0.8748600000000001
33,1.0019,0.99916,1.0,1.0052,0.9960899999999999,1.0084,0.99571,1.0108,1.0157,0.018732,0.018732,0.036423000000000004,0.036423000000000004,0.07649500000000001,0.07649500000000001,0.045163,0.045163,0.050411000000000004,0.050411000000000004,0.035425,0.035425,0.12379000000000001,0.12379000000000001,0.29358,0.29358,0.31588,0.31588,0.19308,0.19308,0.028976,0.028976,0.32099,0.32099,0.23406,0.23406,0.25615,0.25615,0.083676,0.083676,0.30219,0.30219,0.021848,0.021848,0.22814,0.22814,0.08075700000000001,0.08075700000000001,0.32516999999999996,0.32516999999999996,0.38564,0.38564,0.095837,0.095837,0.62759,0.62759,0.35291,0.35291,0.13375,0.13375,0.28195,0.090008,0.090008,0.15813,0.7741399999999999
34,1.0019,0.9989600000000001,0.99972,1.006,0.9951399999999999,1.0105,0.99344,1.0143,1.0201,0.014396,0.014396,0.025363999999999998,0.025363999999999998,0.079439,0.079439,0.034881,0.034881,0.071382,0.071382,0.20347,0.20347,0.074405,0.074405,0.16701,0.16701,0.17757,0.17757,0.18947,0.18947,0.12697999999999998,0.12697999999999998,0.17992,0.17992,0.082183,0.082183,0.22104000000000001,0.22104000000000001,0.32881,0.32881,0.018474,0.018474,0.13846,0.13846,0.10197,0.10197,0.77855,0.77855,0.07774400000000001,0.07774400000000001,0.3415,0.3415,0.45453000000000005,0.45453000000000005,0.4968,0.4968,0.45173,0.45173,0.31187,0.31187,0.053029999999999994,0.28688,0.28688,0.42496999999999996,1.8655
35,1.0022,0.99839,0.99984,1.0071,0.9941399999999999,1.0122,0.99206,1.0157,1.0219,0.025401,0.025401,0.010301000000000001,0.010301000000000001,0.028982,0.028982,0.042994,0.042994,0.089803,0.089803,0.080046,0.080046,0.14382,0.14382,0.1957,0.1957,0.039587,0.039587,0.21823,0.21823,0.18545999999999999,0.18545999999999999,0.27666999999999997,0.27666999999999997,0.088768,0.088768,0.10761,0.10761,0.18766,0.18766,0.05316900000000001,0.05316900000000001,0.11765,0.11765,0.1854,0.1854,0.5172899999999999,0.5172899999999999,0.047827,0.047827,0.046863999999999996,0.046863999999999996,0.11872,0.11872,0.50717,0.50717,0.089154,0.089154,0.24989,0.24989,0.43088000000000004,0.09300499999999999,0.09300499999999999,0.66497,1.1297
36,1.0019,0.99902,0.99956,1.0058,0.9955,1.0093,0.99415,1.0133,1.0168,0.041775,0.041775,0.0012438,0.0012438,0.10472999999999999,0.10472999999999999,0.04046,0.04046,0.047485,0.047485,0.16217,0.16217,0.18534,0.18534,0.083992,0.083992,0.053720000000000004,0.053720000000000004,0.12220999999999999,0.12220999999999999,0.13702,0.13702,0.089324,0.089324,0.15541,0.15541,0.36551999999999996,0.36551999999999996,0.16294,0.16294,0.11825999999999999,0.11825999999999999,0.37596,0.37596,0.14135999999999999,0.14135999999999999,0.22754000000000002,0.22754000000000002,0.065715,0.065715,0.25556999999999996,0.25556999999999996,0.3888,0.3888,0.43526000000000004,0.43526000000000004,0.44305,0.44305,0.38745,0.38745,0.35791999999999996,0.9316,0.9316,0.7493,1.459
37,1.002,0.9990899999999999,0.99969,1.0059,0.9951399999999999,1.0097,0.99461,1.0121,1.0176,0.0036951999999999996,0.0036951999999999996,0.012563,0.012563,0.026753,0.026753,0.03907,0.03907,0.022297,0.022297,0.020518,0.020518,0.17545,0.17545,0.011169,0.011169,0.019379,0.019379,0.13024000000000002,0.13024000000000002,0.2069,0.2069,0.02475,0.02475,0.038808999999999996,0.038808999999999996,0.12761,0.12761,0.043305,0.043305,0.096131,0.096131,0.079948,0.079948,0.056285,0.056285,0.31246,0.31246,0.14919000000000002,0.14919000000000002,0.38779,0.38779,0.070111,0.070111,0.53806,0.53806,0.44128,0.44128,0.06351,0.06351,0.42518999999999996,0.14565999999999998,0.14565999999999998,0.66776,1.386
38,1.0019,0.99897,0.99965,1.0052,0.99626,1.0082,0.99572,1.0104,1.0144,0.022576,0.022576,0.018274000000000002,0.018274000000000002,0.12277,0.12277,0.07483300000000001,0.07483300000000001,0.024671000000000002,0.024671000000000002,0.1078,0.1078,0.31786,0.31786,0.19155,0.19155,0.17982,0.17982,0.15946,0.15946,0.31596,0.31596,0.42622,0.42622,0.1873,0.1873,0.2974,0.2974,0.1722,0.1722,0.56094,0.56094,0.14969000000000002,0.14969000000000002,0.11231,0.11231,0.18200999999999998,0.18200999999999998,0.856,0.856,0.53855,0.53855,0.7033699999999999,0.7033699999999999,0.4539,0.4539,0.6807300000000001,0.6807300000000001,0.11648,0.11648,0.48888000000000004,0.11114,0.11114,0.22253,1.0188
39,1.0025,0.9991200000000001,0.9999899999999999,1.0065,0.9965200000000001,1.0092,0.9961899999999999,1.0101,1.0131,0.028906,0.028906,0.038237,0.038237,0.096055,0.096055,0.06443,0.06443,0.24578000000000003,0.24578000000000003,0.4742,0.4742,0.30828,0.30828,0.083386,0.083386,0.32655,0.32655,0.19502,0.19502,0.37035,0.37035,0.4378,0.4378,0.37672,0.37672,0.34944000000000003,0.34944000000000003,0.41252,0.41252,0.22316,0.22316,0.46441000000000004,0.46441000000000004,0.38224,0.38224,0.36796999999999996,0.36796999999999996,0.63445,0.63445,0.8950600000000001,0.8950600000000001,0.6309899999999999,0.6309899999999999,0.78792,0.78792,0.74684,0.74684,0.49963,0.49963,1.2167,0.70194,0.70194,0.047007,0.7289100000000001
40,1.0023,0.9992200000000001,1.0001,1.006,0.99756,1.0088,0.99724,1.0082,1.012,0.020148,0.020148,0.005892199999999999,0.005892199999999999,0.12655,0.12655,0.02461,0.02461,0.034982,0.034982,0.15048,0.15048,0.42421000000000003,0.42421000000000003,0.18673,0.18673,0.2184,0.2184,0.25161,0.25161,0.44231000000000004,0.44231000000000004,0.065937,0.065937,0.08462,0.08462,0.067406,0.067406,0.10267000000000001,0.10267000000000001,0.48208999999999996,0.48208999999999996,0.12042,0.12042,0.25342,0.25342,0.17727,0.17727,0.70816,0.70816,0.8640899999999999,0.8640899999999999,0.64769,0.64769,1.0128,1.0128,0.76836,0.76836,0.051898,0.051898,0.30334,0.3245,0.3245,0.6046,1.3531
41,1.0019,0.9986200000000001,0.9993299999999999,1.0062,0.9956,1.0102,0.99484,1.012,1.0170000000000001,0.037336,0.037336,0.004825199999999999,0.004825199999999999,0.082152,0.082152,0.070717,0.070717,0.05664400000000001,0.05664400000000001,0.09926,0.09926,0.24126999999999998,0.24126999999999998,0.061449000000000004,0.061449000000000004,0.17549,0.17549,0.19542,0.19542,0.10427,0.10427,0.1482,0.1482,0.10854000000000001,0.10854000000000001,0.099799,0.099799,0.071668,0.071668,0.34956,0.34956,0.090699,0.090699,0.10335,0.10335,0.31045,0.31045,0.70022,0.70022,0.32583,0.32583,0.68002,0.68002,0.7157,0.7157,0.60285,0.60285,0.017152,0.017152,0.58113,0.047279,0.047279,0.038686,0.45521000000000006
42,1.0023,0.9991899999999999,1.0004,1.0062,0.9968,1.0097,0.99718,1.0101,1.0155,0.034723000000000004,0.034723000000000004,0.011927,0.011927,0.043941,0.043941,0.032344,0.032344,0.031365,0.031365,0.051957,0.051957,0.18486,0.18486,0.03505,0.03505,0.15955,0.15955,0.29735,0.29735,0.32452,0.32452,0.10539000000000001,0.10539000000000001,0.10428,0.10428,0.089281,0.089281,0.10167999999999999,0.10167999999999999,0.215,0.215,0.1457,0.1457,0.32761999999999997,0.32761999999999997,0.057710000000000004,0.057710000000000004,0.54601,0.54601,0.61722,0.61722,0.5042300000000001,0.5042300000000001,0.69504,0.69504,0.69599,0.69599,0.48005,0.48005,0.2916,0.18164,0.18164,0.20289000000000001,0.56045
43,1.0021,0.9989899999999999,1.0,1.0057,0.99661,1.0086,0.99593,1.0106,1.0156,0.010161,0.010161,0.0066529,0.0066529,0.10439000000000001,0.10439000000000001,0.0076191,0.0076191,0.088278,0.088278,0.17243,0.17243,0.058186,0.058186,0.027154,0.027154,0.037769,0.037769,0.098561,0.098561,0.07360499999999999,0.07360499999999999,0.21939,0.21939,0.094293,0.094293,0.24099,0.24099,0.031914,0.031914,0.13480999999999999,0.13480999999999999,0.036197,0.036197,0.065463,0.065463,0.21808000000000002,0.21808000000000002,0.33938,0.33938,0.24946999999999997,0.24946999999999997,0.3413,0.3413,0.64956,0.64956,0.1703,0.1703,0.14168,0.14168,0.45957,0.16807,0.16807,0.19655,0.57152
44,1.0021,0.99855,0.9994799999999999,1.0065,0.99484,1.0111,0.9935299999999999,1.0133,1.0201,0.071299,0.071299,0.034155,0.034155,0.05089,0.05089,0.025963,0.025963,0.039016,0.039016,0.055948000000000005,0.055948000000000005,0.27724,0.27724,0.08540199999999999,0.08540199999999999,0.089933,0.089933,0.056176,0.056176,0.25382,0.25382,0.068843,0.068843,0.10585,0.10585,0.036052999999999995,0.036052999999999995,0.020008,0.020008,0.16182,0.16182,0.17185,0.17185,0.036871,0.036871,0.079292,0.079292,0.5214300000000001,0.5214300000000001,0.44616999999999996,0.44616999999999996,0.44369,0.44369,0.6580600000000001,0.6580600000000001,0.72077,0.72077,0.088765,0.088765,0.33983,0.11427999999999999,0.11427999999999999,0.009641,0.20609
45,1.0024,0.99929,1.0,1.006,0.9973200000000001,1.0087,0.99677,1.0092,1.0133,0.022594,0.022594,0.010074,0.010074,0.064024,0.064024,0.040141,0.040141,0.033453,0.033453,0.15133,0.15133,0.18839,0.18839,0.25259000000000004,0.25259000000000004,0.34163000000000004,0.34163000000000004,0.27446,0.27446,0.2814,0.2814,0.14935,0.14935,0.10543,0.10543,0.29127,0.29127,0.044112,0.044112,0.44171000000000005,0.44171000000000005,0.17043,0.17043,0.23988,0.23988,0.56367,0.56367,0.62353,0.62353,0.63169,0.63169,0.6167600000000001,0.6167600000000001,0.5289,0.5289,0.70167,0.70167,0.20489000000000002,0.20489000000000002,0.19618,0.20606999999999998,0.20606999999999998,0.48048,1.3189
46,1.0018,0.99964,1.0007,1.0036,0.9980700000000001,1.0056,0.9985299999999999,1.0061,1.0094,0.0089598,0.0089598,0.023546,0.023546,0.04525,0.04525,0.11775999999999999,0.11775999999999999,0.13999,0.13999,0.086242,0.086242,0.18252000000000002,0.18252000000000002,0.12070999999999998,0.12070999999999998,0.091248,0.091248,0.01549,0.01549,0.31190999999999997,0.31190999999999997,0.20101,0.20101,0.17464000000000002,0.17464000000000002,0.04286,0.04286,0.10015,0.10015,0.16644,0.16644,0.10195,0.10195,0.15999000000000002,0.15999000000000002,0.22984000000000002,0.22984000000000002,0.3801,0.3801,0.1757,0.1757,0.33902,0.33902,0.66691,0.66691,0.37091,0.37091,0.25774,0.25774,1.0674,0.5798300000000001,0.5798300000000001,0.30626,0.05799
47,1.0017,0.99977,1.0007,1.0032,0.99877,1.0043,0.99898,1.0052,1.0087,0.035013,0.035013,0.007465,0.007465,0.097477,0.097477,0.15039,0.15039,0.17414000000000002,0.17414000000000002,0.061209000000000006,0.061209000000000006,0.087168,0.087168,0.13875,0.13875,0.3843,0.3843,0.20893,0.20893,0.38415,0.38415,0.12434,0.12434,0.15487,0.15487,0.23409000000000002,0.23409000000000002,0.34956,0.34956,0.05972,0.05972,0.13278,0.13278,0.21244000000000002,0.21244000000000002,0.56412,0.56412,0.51284,0.51284,0.11784000000000001,0.11784000000000001,0.14737999999999998,0.14737999999999998,0.35795,0.35795,0.43796,0.43796,0.2694,0.2694,1.2209,1.2919,1.2919,0.63945,0.045870999999999995
48,1.0017,0.9995700000000001,1.0009,1.0034,0.9986200000000001,1.0047,0.9991899999999999,1.0051,1.0078,0.010313,0.010313,0.05063,0.05063,0.051465,0.051465,0.02329,0.02329,0.17205,0.17205,0.09752899999999999,0.09752899999999999,0.12265,0.12265,0.13691,0.13691,0.22253,0.22253,0.23753000000000002,0.23753000000000002,0.15494000000000002,0.15494000000000002,0.2296,0.2296,0.29821,0.29821,0.21995,0.21995,0.069746,0.069746,0.24303000000000002,0.24303000000000002,0.066742,0.066742,0.76789,0.76789,0.42945,0.42945,0.16608,0.16608,0.43673,0.43673,0.20126,0.20126,0.22021999999999997,0.22021999999999997,0.32232,0.32232,0.1959,0.1959,0.34295,0.74779,0.74779,0.79704,1.0115
49,1.0017,0.9995,1.0009,1.0036,0.99849,1.0051,0.9988299999999999,1.0059,1.0077,0.019625,0.019625,0.040401,0.040401,0.025252,0.025252,0.035684,0.035684,0.16088,0.16088,0.1183,0.1183,0.082147,0.082147,0.11302000000000001,0.11302000000000001,0.30217,0.30217,0.0093921,0.0093921,0.5472899999999999,0.5472899999999999,0.26877,0.26877,0.08319,0.08319,0.34171999999999997,0.34171999999999997,0.20407999999999998,0.20407999999999998,0.1884,0.1884,0.14911,0.14911,0.19432,0.19432,0.50863,0.50863,0.29091999999999996,0.29091999999999996,0.096982,0.096982,0.27426,0.27426,0.61007,0.61007,0.097727,0.097727,0.083773,0.083773,0.9940399999999999,0.5588,0.5588,0.4043,0.99403
50,1.0014,0.9996799999999999,1.0006,1.0032,0.9986,1.0046,0.9986200000000001,1.0059,1.0086,0.029585000000000004,0.029585000000000004,0.068785,0.068785,0.051565,0.051565,0.17112,0.17112,0.12344000000000001,0.12344000000000001,0.10384000000000002,0.10384000000000002,0.21858000000000002,0.21858000000000002,0.15285,0.15285,0.10819000000000001,0.10819000000000001,0.22293000000000002,0.22293000000000002,0.19904000000000002,0.19904000000000002,0.25173,0.25173,0.27019,0.27019,0.34101,0.34101,0.29991999999999996,0.29991999999999996,0.30935999999999997,0.30935999999999997,0.13699999999999998,0.13699999999999998,0.06361,0.06361,0.11640999999999999,0.11640999999999999,0.34065,0.34065,0.40819,0.40819,0.21404,0.21404,0.19015,0.19015,0.1567,0.1567,0.41957,0.41957,1.0235,0.47926,0.47926,0.5747399999999999,1.0685
51,1.0021,0.9990000000000001,0.9997799999999999,1.0053,0.99631,1.0084,0.99559,1.0101,1.0152,0.027399,0.027399,0.00577,0.00577,0.064464,0.064464,0.07894,0.07894,0.089764,0.089764,0.090976,0.090976,0.24731,0.24731,0.15689,0.15689,0.21921999999999997,0.21921999999999997,0.1981,0.1981,0.34707,0.34707,0.084553,0.084553,0.03167,0.03167,0.13510999999999998,0.13510999999999998,0.19167,0.19167,0.43778,0.43778,0.15345,0.15345,0.01592,0.01592,0.10205,0.10205,0.70744,0.70744,0.53979,0.53979,0.5979899999999999,0.5979899999999999,0.34365999999999997,0.34365999999999997,0.58749,0.58749,0.05555499999999999,0.05555499999999999,0.11800000000000001,0.13683,0.13683,0.17511,1.1092
52,1.0023,0.9986200000000001,0.9996200000000001,1.0058,0.9954700000000001,1.0093,0.9939600000000001,1.0116,1.0170000000000001,0.033083999999999995,0.033083999999999995,0.012689,0.012689,0.07637200000000001,0.07637200000000001,0.075161,0.075161,0.0030515,0.0030515,0.095608,0.095608,0.31811999999999996,0.31811999999999996,0.12735,0.12735,0.10082999999999999,0.10082999999999999,0.16485999999999998,0.16485999999999998,0.15262,0.15262,0.30891,0.30891,0.048722,0.048722,0.2079,0.2079,0.23003,0.23003,0.5331100000000001,0.5331100000000001,0.13646,0.13646,0.05494400000000001,0.05494400000000001,0.25791,0.25791,0.7549600000000001,0.7549600000000001,0.42468,0.42468,0.64652,0.64652,0.31477,0.31477,0.7046399999999999,0.7046399999999999,0.048853,0.048853,0.10976,0.17895999999999998,0.17895999999999998,0.23701,0.7440100000000001
53,1.0019,0.99877,0.9996700000000001,1.0055,0.99531,1.0102,0.99439,1.0127,1.0179,0.010674,0.010674,0.0047521,0.0047521,0.07761699999999999,0.07761699999999999,0.018892,0.018892,0.085175,0.085175,0.078566,0.078566,0.27854,0.27854,0.052896000000000006,0.052896000000000006,0.082479,0.082479,0.11456,0.11456,0.18708,0.18708,0.16257,0.16257,0.017037,0.017037,0.079583,0.079583,0.12999000000000002,0.12999000000000002,0.38073,0.38073,0.086533,0.086533,0.081194,0.081194,0.18464,0.18464,0.66459,0.66459,0.44542,0.44542,0.53554,0.53554,0.64527,0.64527,0.71672,0.71672,0.10314000000000001,0.10314000000000001,0.17874,0.17282999999999998,0.17282999999999998,0.32229,0.7792399999999999
54,1.0026,0.99936,1.0009,1.0070000000000001,0.9963799999999999,1.0107,0.99545,1.0163,1.0189,0.022796,0.022796,0.067936,0.067936,0.059365999999999995,0.059365999999999995,0.05272999999999999,0.05272999999999999,0.17065999999999998,0.17065999999999998,0.13567,0.13567,0.1814,0.1814,0.33248,0.33248,0.25987,0.25987,0.17842,0.17842,0.3558,0.3558,0.37566,0.37566,0.20656,0.20656,0.23431999999999997,0.23431999999999997,0.14759,0.14759,0.35754,0.35754,0.23363,0.23363,0.29851,0.29851,0.34455,0.34455,0.30705,0.30705,0.2753,0.2753,0.17643,0.17643,0.36498,0.36498,0.65158,0.65158,0.7655,0.7655,0.28704,0.9989600000000001,0.9989600000000001,0.24863000000000002,0.55784
55,1.0027,0.99931,1.0006,1.0073,0.9963200000000001,1.0114,0.9949399999999999,1.0173,1.0242,0.016763,0.016763,0.024334,0.024334,0.15571,0.15571,0.061247,0.061247,0.129,0.129,0.08350199999999999,0.08350199999999999,0.26214,0.26214,0.079996,0.079996,0.09902000000000001,0.09902000000000001,0.33057,0.33057,0.42536,0.42536,0.31713,0.31713,0.30626,0.30626,0.25239,0.25239,0.32652,0.32652,0.41708999999999996,0.41708999999999996,0.5071399999999999,0.5071399999999999,0.79686,0.79686,0.46163999999999994,0.46163999999999994,0.35925999999999997,0.35925999999999997,0.39544,0.39544,0.024531,0.024531,0.18007,0.18007,0.33571,0.33571,0.52017,0.52017,0.6329199999999999,1.2461,1.2461,0.29251,1.5390000000000001
56,1.0025,0.9993200000000001,1.0012,1.0073,0.99661,1.0111,0.99556,1.0156,1.0209,0.045294,0.045294,0.049458999999999996,0.049458999999999996,0.074075,0.074075,0.07451100000000001,0.07451100000000001,0.093816,0.093816,0.093497,0.093497,0.17062,0.17062,0.088792,0.088792,0.37455,0.37455,0.28559,0.28559,0.13069,0.13069,0.31337,0.31337,0.27053,0.27053,0.13434000000000001,0.13434000000000001,0.30046999999999996,0.30046999999999996,0.051624,0.051624,0.49404,0.49404,0.35508,0.35508,0.28552,0.28552,0.28094,0.28094,0.14444,0.14444,0.14122,0.14122,0.57317,0.57317,0.24775,0.24775,0.21999000000000002,0.21999000000000002,0.5966199999999999,1.3065,1.3065,0.53463,1.1055
57,1.0026,0.99944,1.0012,1.0065,0.9968600000000001,1.0089,0.9960399999999999,1.0103,1.0152,0.093323,0.093323,0.071895,0.071895,0.10098,0.10098,0.10165,0.10165,0.30951,0.30951,0.10744000000000001,0.10744000000000001,0.18277000000000002,0.18277000000000002,0.2747,0.2747,0.10855999999999999,0.10855999999999999,0.4674,0.4674,0.12155,0.12155,0.39305999999999996,0.39305999999999996,0.23797,0.23797,0.16149000000000002,0.16149000000000002,0.58001,0.58001,0.39421999999999996,0.39421999999999996,0.80482,0.80482,0.43013,0.43013,0.44193999999999994,0.44193999999999994,0.40403,0.40403,0.54881,0.54881,0.13489,0.13489,1.3226,1.3226,0.24322,0.24322,1.7795,1.7795,0.63266,1.2208,1.2208,0.29252,0.35761
58,1.0027,0.9986,0.9993700000000001,1.0088,0.99366,1.0138,0.99049,1.0169,1.0251,0.035866,0.035866,0.03614,0.03614,0.022413,0.022413,0.02256,0.02256,0.0927,0.0927,0.12245999999999999,0.12245999999999999,0.14987999999999999,0.14987999999999999,0.097884,0.097884,0.10543,0.10543,0.075199,0.075199,0.051512999999999996,0.051512999999999996,0.11519000000000001,0.11519000000000001,0.20731999999999998,0.20731999999999998,0.19691,0.19691,0.11982000000000001,0.11982000000000001,0.23747,0.23747,0.17519,0.17519,0.07222200000000001,0.07222200000000001,0.13374,0.13374,0.09275499999999999,0.09275499999999999,0.28192,0.28192,0.44653000000000004,0.44653000000000004,0.47518,0.47518,0.20978000000000002,0.20978000000000002,0.18825,0.18825,0.63884,0.15359,0.15359,1.1113,1.1496
59,1.002,0.99844,0.99802,1.0088,0.991,1.0149,0.98854,1.0195,1.028,0.013877,0.013877,0.019281,0.019281,0.014452000000000001,0.014452000000000001,0.010395999999999999,0.010395999999999999,0.038942000000000004,0.038942000000000004,0.10574000000000001,0.10574000000000001,0.11223,0.11223,0.18847,0.18847,0.010302,0.010302,0.14129,0.14129,0.14298,0.14298,0.213,0.213,0.028505000000000003,0.028505000000000003,0.098969,0.098969,0.11104000000000001,0.11104000000000001,0.14296,0.14296,0.090613,0.090613,0.033326999999999996,0.033326999999999996,0.46338999999999997,0.46338999999999997,0.28365,0.28365,0.13714,0.13714,0.050452,0.050452,0.27621,0.27621,0.27603,0.27603,0.041148000000000004,0.041148000000000004,0.54227,0.16501,0.16501,0.050294,0.22683000000000003
60,1.0023,0.99882,0.9990000000000001,1.0078,0.99359,1.0138,0.99097,1.0178,1.0249,0.031507,0.031507,0.045718,0.045718,0.042222,0.042222,0.025044,0.025044,0.080761,0.080761,0.14029,0.14029,0.20182,0.20182,0.1445,0.1445,0.21268,0.21268,0.14787999999999998,0.14787999999999998,0.07221799999999999,0.07221799999999999,0.31317,0.31317,0.21934,0.21934,0.2573,0.2573,0.062464,0.062464,0.041921,0.041921,0.10440999999999999,0.10440999999999999,0.069245,0.069245,0.14007,0.14007,0.21216,0.21216,0.026324,0.026324,0.4192,0.4192,0.59739,0.59739,0.27792,0.27792,0.043121,0.043121,0.0015605,0.25464000000000003,0.25464000000000003,0.44201,0.89123
61,1.0018,0.9990700000000001,0.9986799999999999,1.0069,0.9941700000000001,1.0114,0.9931399999999999,1.0146,1.0215,0.019451,0.019451,0.0047393,0.0047393,0.057161000000000003,0.057161000000000003,0.010056,0.010056,0.045929000000000005,0.045929000000000005,0.009754899999999999,0.009754899999999999,0.29966,0.29966,0.043578,0.043578,0.024686000000000003,0.024686000000000003,0.0091288,0.0091288,0.25363,0.25363,0.016149,0.016149,0.05847,0.05847,0.19242,0.19242,0.010279,0.010279,0.1779,0.1779,0.080541,0.080541,0.071028,0.071028,0.1608,0.1608,0.21545999999999998,0.21545999999999998,0.4715,0.4715,0.13589,0.13589,0.67565,0.67565,0.7075199999999999,0.7075199999999999,0.06524500000000001,0.06524500000000001,0.40478000000000003,0.12028,0.12028,0.16096,0.40669
62,1.0021,0.99872,0.99866,1.0082,0.99311,1.0144,0.9910399999999999,1.0197,1.0292,0.003908699999999999,0.003908699999999999,0.021711,0.021711,0.051199,0.051199,0.044650999999999996,0.044650999999999996,0.031383999999999995,0.031383999999999995,0.13858,0.13858,0.17984,0.17984,0.28605,0.28605,0.15859,0.15859,0.2186,0.2186,0.19629000000000002,0.19629000000000002,0.093227,0.093227,0.21786999999999998,0.21786999999999998,0.20851,0.20851,0.029691000000000002,0.029691000000000002,0.092862,0.092862,0.065091,0.065091,0.11946,0.11946,0.76753,0.76753,0.29378000000000004,0.29378000000000004,0.25309,0.25309,0.12539,0.12539,0.57328,0.57328,0.37439,0.37439,0.074257,0.074257,0.37997,0.26184,0.26184,0.11679,0.49504
63,1.0021,0.99844,0.99869,1.0081,0.99249,1.0149,0.9884,1.0194,1.0271,0.061796000000000004,0.061796000000000004,0.035408999999999996,0.035408999999999996,0.057641,0.057641,0.015075999999999999,0.015075999999999999,0.18766,0.18766,0.059333000000000004,0.059333000000000004,0.12517999999999999,0.12517999999999999,0.15055,0.15055,0.098125,0.098125,0.11478,0.11478,0.10389000000000001,0.10389000000000001,0.13523,0.13523,0.27766,0.27766,0.31956999999999997,0.31956999999999997,0.033509,0.033509,0.15974000000000002,0.15974000000000002,0.25571,0.25571,0.095777,0.095777,0.39492,0.39492,0.10245,0.10245,0.16835,0.16835,0.45768000000000003,0.45768000000000003,0.54242,0.54242,0.61248,0.61248,0.2601,0.2601,0.071475,0.20483,0.20483,0.34335,0.8261700000000001
64,1.0016,0.99864,0.99826,1.0077,0.99224,1.0139,0.9892299999999999,1.0198,1.0292,0.039269,0.039269,0.033893,0.033893,0.054804,0.054804,0.058676,0.058676,0.022874000000000002,0.022874000000000002,0.10182999999999999,0.10182999999999999,0.070921,0.070921,0.19352,0.19352,0.14903,0.14903,0.14027,0.14027,0.057326,0.057326,0.39839,0.39839,0.2156,0.2156,0.21061999999999997,0.21061999999999997,0.047619,0.047619,0.011115,0.011115,0.11628,0.11628,0.09981699999999999,0.09981699999999999,0.43406999999999996,0.43406999999999996,0.043635,0.043635,0.10345,0.10345,0.33697,0.33697,0.34673000000000004,0.34673000000000004,0.33904,0.33904,0.13585999999999998,0.13585999999999998,0.20918,0.21824000000000002,0.21824000000000002,0.25228,0.52285
65,1.0015,0.9988,0.99849,1.0073,0.99326,1.0131,0.9914799999999999,1.0176,1.0242,0.040187,0.040187,0.015387,0.015387,0.053663999999999996,0.053663999999999996,0.017648,0.017648,0.046018,0.046018,0.021921,0.021921,0.23769,0.23769,0.1646,0.1646,0.13501,0.13501,0.18391,0.18391,0.32288,0.32288,0.20839000000000002,0.20839000000000002,0.2231,0.2231,0.37121,0.37121,0.16539,0.16539,0.18777,0.18777,0.11333,0.11333,0.09774,0.09774,0.24139000000000002,0.24139000000000002,0.1182,0.1182,0.61182,0.61182,0.34734,0.34734,0.74826,0.74826,0.92224,0.92224,0.15525999999999998,0.15525999999999998,0.59101,0.25461999999999996,0.25461999999999996,0.065261,0.64298
66,1.0019,0.9990100000000001,0.9990899999999999,1.0078,0.9942,1.0124,0.9923,1.0147,1.0204,0.053679,0.053679,0.015024000000000001,0.015024000000000001,0.092565,0.092565,0.012678,0.012678,0.08211,0.08211,0.15866,0.15866,0.23773000000000002,0.23773000000000002,0.08235,0.08235,0.14564000000000002,0.14564000000000002,0.2643,0.2643,0.25521,0.25521,0.20554,0.20554,0.37251999999999996,0.37251999999999996,0.46713000000000005,0.46713000000000005,0.17013,0.17013,0.16135,0.16135,0.39245,0.39245,0.36374,0.36374,0.32056999999999997,0.32056999999999997,0.23664000000000002,0.23664000000000002,0.45641000000000004,0.45641000000000004,0.45018,0.45018,0.5939800000000001,0.5939800000000001,0.76889,0.76889,0.18746,0.18746,0.9038,0.54181,0.54181,0.80693,1.0056
67,1.002,0.99879,0.99876,1.0077,0.99335,1.0127,0.99082,1.0177,1.0251,0.054680999999999993,0.054680999999999993,0.017692,0.017692,0.086632,0.086632,0.05754,0.05754,0.0041059,0.0041059,0.18011,0.18011,0.27378,0.27378,0.11664000000000001,0.11664000000000001,0.16894,0.16894,0.24298000000000003,0.24298000000000003,0.21378000000000003,0.21378000000000003,0.28315,0.28315,0.38581,0.38581,0.45648999999999995,0.45648999999999995,0.25908000000000003,0.25908000000000003,0.2337,0.2337,0.015201,0.015201,0.1473,0.1473,0.0369,0.0369,0.28531999999999996,0.28531999999999996,0.49549,0.49549,0.42053,0.42053,0.6835399999999999,0.6835399999999999,1.0429,1.0429,0.25976,0.25976,0.18803,0.45047,0.45047,0.8583200000000001,1.1737
68,1.0015,0.99903,0.9989100000000001,1.0062,0.9942200000000001,1.011,0.99329,1.0142,1.0211,0.020645,0.020645,0.0010502,0.0010502,0.040804,0.040804,0.018189,0.018189,0.033260000000000005,0.033260000000000005,0.06096699999999999,0.06096699999999999,0.21424,0.21424,0.055389999999999995,0.055389999999999995,0.14826,0.14826,0.051942999999999996,0.051942999999999996,0.30894,0.30894,0.13182,0.13182,0.060203999999999994,0.060203999999999994,0.11238,0.11238,0.097201,0.097201,0.15609,0.15609,0.0090993,0.0090993,0.075364,0.075364,0.14792,0.14792,0.2861,0.2861,0.46783,0.46783,0.084945,0.084945,0.85109,0.85109,0.54369,0.54369,0.032319,0.032319,0.34274,0.055608000000000005,0.055608000000000005,0.11189,0.50268
69,1.0021,0.9984700000000001,0.9985,1.0084,0.9919399999999999,1.0143,0.98936,1.0187,1.028,0.013744999999999999,0.013744999999999999,0.01566,0.01566,0.056508,0.056508,0.01066,0.01066,0.031843,0.031843,0.028082,0.028082,0.20251,0.20251,0.12832000000000002,0.12832000000000002,0.1418,0.1418,0.11076,0.11076,0.17340999999999998,0.17340999999999998,0.13165,0.13165,0.07701799999999999,0.07701799999999999,0.16333,0.16333,0.032036,0.032036,0.15456,0.15456,0.074623,0.074623,0.07305,0.07305,0.264,0.264,0.28524,0.28524,0.35448,0.35448,0.062339,0.062339,0.62603,0.62603,0.40776,0.40776,0.12232,0.12232,0.35173000000000004,0.08122599999999999,0.08122599999999999,0.2896,0.45498
70,1.0018,0.99918,0.99934,1.0072,0.9944,1.0119,0.9934700000000001,1.0152,1.022,0.033458,0.033458,0.0048239,0.0048239,0.16079000000000002,0.16079000000000002,0.062751,0.062751,0.09705,0.09705,0.21574000000000002,0.21574000000000002,0.17337,0.17337,0.51041,0.51041,0.27537,0.27537,0.36509,0.36509,0.0754,0.0754,0.27438,0.27438,0.052371,0.052371,0.20249,0.20249,0.077087,0.077087,0.15189,0.15189,0.11529,0.11529,0.097604,0.097604,0.64776,0.64776,0.24846999999999997,0.24846999999999997,0.1686,0.1686,0.61085,0.61085,0.11494000000000001,0.11494000000000001,0.27302,0.27302,0.27794,0.27794,0.13469,0.25199,0.25199,0.32729,0.8861
71,1.0016,0.99884,0.99846,1.0074,0.99295,1.0122,0.99105,1.0161,1.0235,0.011432,0.011432,0.018680000000000002,0.018680000000000002,0.061911,0.061911,0.0010362,0.0010362,0.022344,0.022344,0.079919,0.079919,0.1472,0.1472,0.17626,0.17626,0.053985000000000005,0.053985000000000005,0.32239,0.32239,0.16718,0.16718,0.28958,0.28958,0.16927,0.16927,0.028412,0.028412,0.088338,0.088338,0.16310999999999998,0.16310999999999998,0.093199,0.093199,0.18617,0.18617,0.18194000000000002,0.18194000000000002,0.16445,0.16445,0.42928999999999995,0.42928999999999995,0.18222,0.18222,0.61987,0.61987,0.44011999999999996,0.44011999999999996,0.12849000000000002,0.12849000000000002,0.58896,0.23387,0.23387,0.25423,0.1073
72,1.0018,0.99866,0.9983700000000001,1.0081,0.99187,1.0139,0.9904700000000001,1.018,1.0273,0.016296,0.016296,0.0044,0.0044,0.042575,0.042575,0.018869999999999998,0.018869999999999998,0.015216999999999998,0.015216999999999998,0.058892999999999994,0.058892999999999994,0.21220999999999998,0.21220999999999998,0.018715,0.018715,0.062762,0.062762,0.11980999999999999,0.11980999999999999,0.20135,0.20135,0.13530999999999999,0.13530999999999999,0.051299000000000004,0.051299000000000004,0.043917000000000005,0.043917000000000005,0.014565,0.014565,0.1234,0.1234,0.10737999999999999,0.10737999999999999,0.06701499999999999,0.06701499999999999,0.34026999999999996,0.34026999999999996,0.3267,0.3267,0.40701,0.40701,0.23648000000000002,0.23648000000000002,0.56208,0.56208,0.63521,0.63521,0.0015972000000000002,0.0015972000000000002,0.3148,0.22058000000000003,0.22058000000000003,0.077377,0.57796
73,1.0019,0.9987,0.9983799999999999,1.0078,0.99234,1.0138,0.9908799999999999,1.0173,1.0270000000000001,0.0068149000000000005,0.0068149000000000005,0.0037418,0.0037418,0.038303,0.038303,0.012458,0.012458,0.022735,0.022735,0.019491,0.019491,0.30089,0.30089,0.13773,0.13773,0.067994,0.067994,0.020138,0.020138,0.18666,0.18666,0.070496,0.070496,0.009082,0.009082,0.072339,0.072339,0.059556,0.059556,0.13992000000000002,0.13992000000000002,0.027485000000000002,0.027485000000000002,0.12824000000000002,0.12824000000000002,0.14399,0.14399,0.29259,0.29259,0.47451000000000004,0.47451000000000004,0.175,0.175,0.91376,0.91376,0.55955,0.55955,0.06604600000000001,0.06604600000000001,0.15362,0.13477,0.13477,0.0027838,0.39066999999999996
