1.0177,0.23329,0.47951,0.41165,0.16233,0.41165,0.47951,0.23329,3155,1.0139,0.25603,0.2565,0.089491,0.73502,0.089491,0.2565,0.25603,6767,1.0112,0.024692,0.23646,0.013104,0.44428,0.013104,0.23646,0.024692,5611,1.0067,0.062226,0.023629,0.078136,0.32021,0.078136,0.023629,0.062226,13278,1.0021,0.026099,0.11987,0.045545,0.38237,0.045545,0.11987,0.026099,20582,0.99975,0.015537,0.36209,0.099529,1.5754,0.099529,0.36209,0.015537,31807,0.99414,0.082944,0.14665,0.25599,0.63833,0.25599,0.14665,0.082944,12293,0.99201,0.055771,0.15711,0.13261,2.1099,0.13261,0.15711,0.055771,14349,0.99846,0.1333,0.56666,0.1655,1.7504,0.1655,0.56666,0.1333,1.1645e+05
1.0202,0.047426,0.58231,0.28156,0.092431,0.28156,0.58231,0.047426,3835,1.0124,0.028216,0.39295,0.05835,0.35501,0.05835,0.39295,0.028216,6155,1.0104,0.038401,0.20751,0.11835,0.12407,0.11835,0.20751,0.038401,5419,1.0059,0.027271,0.078268,0.081454,0.28738,0.081454,0.078268,0.027271,12983,1.0016,0.0082604,0.18219,0.10267,0.55707,0.10267,0.18219,0.0082604,21784,0.99956,0.0093044,0.060332,0.047179,1.1713,0.047179,0.060332,0.0093044,31988,0.99472,0.03249,0.13695,0.044302,0.25727,0.044302,0.13695,0.03249,13265,0.99391,0.05322,0.38937,0.080149,0.4842,0.080149,0.38937,0.05322,14802,0.99893,0.095809,0.80502,0.05432,0.95502,0.05432,0.80502,0.095809,1.1563e+05
1.0175,0.11822,0.6162,0.18218,0.19599,0.18218,0.6162,0.11822,2517,1.0108,0.073165,0.42839,0.15351,0.11594,0.15351,0.42839,0.073165,4890,1.0093,0.036539,0.21473,0.17381,0.59001,0.17381,0.21473,0.036539,3975,1.0055,0.04845,0.14762,0.039209,0.36912,0.039209,0.14762,0.04845,11670,1.0018,0.010994,0.21393,0.068707,0.21551,0.068707,0.21393,0.010994,18283,0.99999,0.010453,0.054476,0.090645,0.56466,0.090645,0.054476,0.010453,32277,0.99609,0.036311,0.25521,0.12335,0.098099,0.12335,0.25521,0.036311,12402,0.99571,0.11665,0.5775,0.17947,0.18066,0.17947,0.5775,0.11665,14984,0.99902,0.096362,1.8262,0.43337,0.17589,0.43337,1.8262,0.096362,1.2603e+05
1.0261,0.09203,0.89912,0.16178,0.28624,0.16178,0.89912,0.09203,5232,1.0163,0.0022691,0.69547,0.073234,0.040995,0.073234,0.69547,0.0022691,7864,1.0148,0.037995,0.32556,0.03308,0.076394,0.03308,0.32556,0.037995,6561,1.0083,0.015533,0.19823,0.056403,0.40246,0.056403,0.19823,0.015533,13059,1.002,0.0062891,0.26529,0.041893,0.61234,0.041893,0.26529,0.0062891,20001,0.99905,0.010993,0.088106,0.062342,0.7885,0.062342,0.088106,0.010993,28238,0.99193,0.012679,0.33554,0.099832,0.016471,0.099832,0.33554,0.012679,12856,0.99133,0.0035625,0.75677,0.053874,0.33525,0.053874,0.75677,0.0035625,15195,0.99842,0.046624,1.3673,0.07684,0.42016,0.07684,1.3673,0.046624,1.1303e+05
1.024,0.14025,0.43963,0.084029,0.32657,0.084029,0.43963,0.14025,3551,1.0174,0.15089,0.22222,0.064689,1.0621,0.064689,0.22222,0.15089,6252,1.0123,0.029928,0.20391,0.071976,0.21266,0.071976,0.20391,0.029928,5904,1.0069,0.042166,0.098868,0.13265,0.53266,0.13265,0.098868,0.042166,13863,1.0018,0.032125,0.1423,0.038174,1.0327,0.038174,0.1423,0.032125,21685,0.99926,0.012455,0.64539,0.13925,1.4282,0.13925,0.64539,0.012455,31592,0.99425,0.029597,0.042959,0.19457,0.99298,0.19457,0.042959,0.029597,13546,0.9912,0.078898,0.41838,0.10605,1.7569,0.10605,0.41838,0.078898,14800,0.99843,0.063419,0.70471,0.21166,1.1871,0.21166,0.70471,0.063419,1.1503e+05
1.0184,0.06559,0.92903,0.033155,0.51073,0.033155,0.92903,0.06559,3044,1.0128,0.084864,0.31991,0.067228,0.15879,0.067228,0.31991,0.084864,5395,1.0101,0.066069,0.16948,0.0209,0.3407,0.0209,0.16948,0.066069,5215,1.0063,0.014995,0.19104,0.20375,0.38437,0.20375,0.19104,0.014995,12758,1.002,0.017529,0.22008,0.24377,1.1116,0.24377,0.22008,0.017529,20771,0.99981,0.014383,0.76,0.1426,1.3341,0.1426,0.76,0.014383,31813,0.99525,0.031068,0.20391,0.22881,0.8682,0.22881,0.20391,0.031068,13004,0.99365,0.093294,0.42724,0.29214,0.95126,0.29214,0.42724,0.093294,15104,0.99883,0.1656,1.8707,0.54228,1.1383,0.54228,1.8707,0.1656,1.2067e+05
1.0114,0.17972,0.36372,0.15954,0.17444,0.15954,0.36372,0.17972,2006,1.0083,0.083252,0.32152,0.77651,1.9706,0.77651,0.32152,0.083252,3940,1.0075,0.053915,0.1762,0.46575,1.4909,0.46575,0.1762,0.053915,2739,1.0048,0.046987,0.54399,0.39389,1.2642,0.39389,0.54399,0.046987,9461,1.0022,0.052486,0.40156,0.16086,1.7241,0.16086,0.40156,0.052486,14199,1.0002,0.027537,0.84648,0.12055,1.2231,0.12055,0.84648,0.027537,30768,0.9978,0.010479,0.34054,0.258,1.6579,0.258,0.34054,0.010479,10690,0.99702,0.053095,0.81239,0.09557,0.69769,0.09557,0.81239,0.053095,15749,0.99929,0.061053,0.98225,0.41095,1.1586,0.41095,0.98225,0.061053,1.3731e+05
1.0161,0.088715,0.19279,0.30343,1.0043,0.30343,0.19279,0.088715,3200,1.0112,0.061581,0.41444,0.20336,1.4482,0.20336,0.41444,0.061581,6210,1.009,0.093047,0.18478,0.24494,0.66553,0.24494,0.18478,0.093047,4923,1.0054,0.087359,0.31503,0.08648,1.0608,0.08648,0.31503,0.087359,12287,1.002,0.019894,0.30619,0.037916,1.3353,0.037916,0.30619,0.019894,17959,0.99986,0.014417,0.73524,0.30851,1.3954,0.30851,0.73524,0.014417,29581,0.99629,0.029184,0.23072,0.088104,1.416,0.088104,0.23072,0.029184,12966,0.99438,0.097313,0.79222,0.15484,1.0732,0.15484,0.79222,0.097313,15958,0.99892,0.023076,1.0141,0.34498,1.2812,0.34498,1.0141,0.023076,1.2133e+05
1.0243,0.15631,0.41984,0.18013,0.44758,0.18013,0.41984,0.15631,5319,1.0181,0.24113,0.17323,0.10243,1.3502,0.10243,0.17323,0.24113,8046,1.0141,0.048011,0.14898,0.22213,0.57151,0.22213,0.14898,0.048011,6643,1.0085,0.091476,0.088246,0.1431,0.99104,0.1431,0.088246,0.091476,13013,1.0025,0.060792,0.17055,0.067183,1.5887,0.067183,0.17055,0.060792,18290,0.99954,0.024773,0.37941,0.16744,1.6953,0.16744,0.37941,0.024773,27454,0.99213,0.03812,0.14759,0.14704,0.91908,0.14704,0.14759,0.03812,13146,0.98774,0.038001,0.32956,0.10783,1.4607,0.10783,0.32956,0.038001,14985,0.99801,0.098261,0.66469,0.15159,1.5318,0.15159,0.66469,0.098261,1.1529e+05
1.0161,0.251,0.67973,0.4391,0.050738,0.4391,0.67973,0.251,3135,1.0112,0.10076,0.52794,0.1931,0.34733,0.1931,0.52794,0.10076,6568,1.0093,0.040515,0.30672,0.26121,0.3236,0.26121,0.30672,0.040515,4648,1.0057,0.013328,0.16191,0.10244,0.23839,0.10244,0.16191,0.013328,11803,1.002,0.071177,0.35914,0.13641,0.16171,0.13641,0.35914,0.071177,19084,0.9999,0.039699,0.12614,0.30184,1.378,0.30184,0.12614,0.039699,32002,0.99538,0.031611,0.229,0.079316,0.12128,0.079316,0.229,0.031611,12811,0.99435,0.056055,0.33514,0.049173,2.1241,0.049173,0.33514,0.056055,14773,0.99891,0.27276,1.3129,0.38273,3.0396,0.38273,1.3129,0.27276,1.1954e+05
1.0231,0.065588,0.38723,0.15348,0.81326,0.15348,0.38723,0.065588,3539,1.0159,0.15273,0.29651,0.33585,1.4177,0.33585,0.29651,0.15273,5898,1.0113,0.011219,0.17701,0.18917,0.17089,0.18917,0.17701,0.011219,5677,1.0064,0.037996,0.14524,0.25262,0.77813,0.25262,0.14524,0.037996,12958,1.0017,0.050431,0.14046,0.10196,1.19,0.10196,0.14046,0.050431,22075,0.99957,0.014479,0.5401,0.12699,1.6624,0.12699,0.5401,0.014479,32193,0.99424,0.044795,0.047457,0.1622,0.99182,0.1622,0.047457,0.044795,12991,0.99166,0.087127,0.49493,0.16784,1.2069,0.16784,0.49493,0.087127,13850,0.9987,0.33877,1.2996,0.21978,1.3123,0.21978,1.2996,0.33877,1.1821e+05
1.0249,0.080455,0.3274,0.18006,0.74759,0.18006,0.3274,0.080455,4540,1.0175,0.03679,0.15689,0.17455,0.54164,0.17455,0.15689,0.03679,6695,1.0125,0.018789,0.16867,0.13209,0.67955,0.13209,0.16867,0.018789,5940,1.007,0.019697,0.11224,0.21018,0.23647,0.21018,0.11224,0.019697,13128,1.0018,0.017019,0.12959,0.070686,0.70052,0.070686,0.12959,0.017019,21565,0.99937,0.0069617,0.23108,0.23616,1.6585,0.23616,0.23108,0.0069617,30532,0.99326,0.026827,0.18549,0.14322,0.14045,0.14322,0.18549,0.026827,12984,0.99099,0.048114,0.054858,0.22631,1.2729,0.22631,0.054858,0.048114,14648,0.99839,0.13034,0.31018,0.36801,0.31775,0.36801,0.31018,0.13034,1.1574e+05
1.0298,0.082307,0.60886,0.15488,0.062286,0.15488,0.60886,0.082307,5986,1.0187,0.036174,0.46324,0.13636,0.075609,0.13636,0.46324,0.036174,7742,1.0149,0.059975,0.20605,0.072678,0.40318,0.072678,0.20605,0.059975,6585,1.0083,0.023069,0.15405,0.1494,0.039826,0.1494,0.15405,0.023069,12640,1.0019,0.029579,0.34129,0.091917,0.014286,0.091917,0.34129,0.029579,20204,0.99887,0.022218,0.042498,0.10912,0.76231,0.10912,0.042498,0.022218,26923,0.99145,0.0060817,0.25495,0.06216,0.030911,0.06216,0.25495,0.0060817,12778,0.98828,0.058755,0.31776,0.034247,0.33175,0.034247,0.31776,0.058755,14655,0.99812,0.13635,0.59047,0.35067,0.80993,0.35067,0.59047,0.13635,1.1461e+05
1.0208,0.031841,0.69892,0.18064,0.21687,0.18064,0.69892,0.031841,4562,1.0133,0.035777,0.45474,0.040439,0.27855,0.040439,0.45474,0.035777,7053,1.0109,0.036853,0.25376,0.020632,0.097977,0.020632,0.25376,0.036853,5959,1.0065,0.025802,0.09746,0.0097287,0.297,0.0097287,0.09746,0.025802,12925,1.0018,0.0046285,0.14863,0.13407,0.66177,0.13407,0.14863,0.0046285,21649,0.99934,0.016533,0.11889,0.030464,1.2524,0.030464,0.11889,0.016533,30594,0.99376,0.033049,0.16765,0.04691,0.3479,0.04691,0.16765,0.033049,13370,0.99214,0.069027,0.39654,0.079764,0.18943,0.079764,0.39654,0.069027,14169,0.99888,0.024429,0.97832,0.13898,1.0093,0.13898,0.97832,0.024429,1.1538e+05
1.028,0.079247,0.74551,0.15461,0.36148,0.15461,0.74551,0.079247,6358,1.0177,0.029164,0.4788,0.15051,0.23906,0.15051,0.4788,0.029164,7749,1.0139,0.032129,0.20001,0.069735,0.36011,0.069735,0.20001,0.032129,6113,1.0079,0.036061,0.17737,0.030019,0.094014,0.030019,0.17737,0.036061,12194,1.0018,0.010338,0.22923,0.063301,0.1617,0.063301,0.22923,0.010338,20113,0.99912,0.0152,0.074592,0.024863,0.69069,0.024863,0.074592,0.0152,27997,0.9922,0.036602,0.2453,0.056476,0.14831,0.056476,0.2453,0.036602,12905,0.99029,0.05754,0.5547,0.0064902,0.092492,0.0064902,0.5547,0.05754,15137,0.99825,0.1389,1.2735,0.13006,1.1296,0.13006,1.2735,0.1389,1.131e+05
1.0211,0.37766,0.8694,0.37293,0.56782,0.37293,0.8694,0.37766,3469,1.016,0.16289,0.25887,0.10331,0.75389,0.10331,0.25887,0.16289,6512,1.0106,0.039611,0.23689,0.14863,0.32526,0.14863,0.23689,0.039611,5395,1.0063,0.077291,0.1396,0.22875,0.31628,0.22875,0.1396,0.077291,13060,1.0019,0.035447,0.088753,0.20357,0.79119,0.20357,0.088753,0.035447,22951,0.99953,0.0057016,0.35763,0.14799,1.4775,0.14799,0.35763,0.0057016,31518,0.99475,0.028092,0.034417,0.11971,0.32396,0.11971,0.034417,0.028092,13071,0.99169,0.11987,0.6038,0.086463,1.3456,0.086463,0.6038,0.11987,14506,0.99855,0.30856,0.89369,0.066787,1.161,0.066787,0.89369,0.30856,1.1644e+05
1.0235,0.07217,0.44848,0.31107,0.086462,0.31107,0.44848,0.07217,2136,1.0165,0.15011,0.45647,0.25482,0.46333,0.25482,0.45647,0.15011,4459,1.0127,0.069158,0.081807,0.22646,0.40013,0.22646,0.081807,0.069158,4250,1.0072,0.042711,0.040564,0.19371,0.3524,0.19371,0.040564,0.042711,12709,1.0021,0.010919,0.12937,0.23811,1.3589,0.23811,0.12937,0.010919,22087,0.99989,0.016602,0.32922,0.1829,1.9105,0.1829,0.32922,0.016602,38310,0.99444,0.019818,0.12687,0.23846,0.18467,0.23846,0.12687,0.019818,12131,0.99416,0.021115,0.58269,0.31009,1.6163,0.31009,0.58269,0.021115,13895,0.99879,0.19313,0.95801,0.59522,0.71056,0.59522,0.95801,0.19313,1.2026e+05
1.0306,0.049938,0.52171,0.06862,0.068498,0.06862,0.52171,0.049938,4922,1.019,0.054248,0.35729,0.030752,0.1819,0.030752,0.35729,0.054248,7616,1.0156,0.072384,0.24257,0.062217,0.26456,0.062217,0.24257,0.072384,6550,1.0089,0.0436,0.15233,0.16892,0.10263,0.16892,0.15233,0.0436,13060,1.0025,0.011612,0.19637,0.065292,0.17304,0.065292,0.19637,0.011612,19756,0.99904,0.03738,0.019961,0.014605,0.62928,0.014605,0.019961,0.03738,28897,0.99098,0.032762,0.1604,0.032962,0.15125,0.032962,0.1604,0.032762,12773,0.98933,0.07859,0.31762,0.053175,0.50031,0.053175,0.31762,0.07859,14764,0.99804,0.13378,0.77871,0.26113,0.27482,0.26113,0.77871,0.13378,1.1388e+05
1.0266,0.11406,0.33837,0.12096,0.65253,0.12096,0.33837,0.11406,3935,1.0177,0.072752,0.015487,0.11148,1.0226,0.11148,0.015487,0.072752,6568,1.0123,0.058166,0.18091,0.11588,0.27167,0.11588,0.18091,0.058166,6068,1.007,0.050966,0.036121,0.07978,0.61431,0.07978,0.036121,0.050966,13771,1.0019,0.02617,0.13673,0.094037,0.94853,0.094037,0.13673,0.02617,24115,0.9991,0.0079001,0.1582,0.13145,1.7764,0.13145,0.1582,0.0079001,31635,0.99289,0.084769,0.12564,0.075691,0.11841,0.075691,0.12564,0.084769,13111,0.99051,0.1327,0.070345,0.1787,1.5746,0.1787,0.070345,0.1327,13427,0.99852,0.23686,0.26736,0.41053,1.4785,0.41053,0.26736,0.23686,1.1374e+05
1.0308,0.1407,0.38643,0.26704,0.49355,0.26704,0.38643,0.1407,4932,1.0212,0.17537,0.13381,0.14656,1.011,0.14656,0.13381,0.17537,7200,1.0141,0.00555,0.016087,0.10388,0.074347,0.10388,0.016087,0.00555,5815,1.0079,0.064211,0.25075,0.020475,0.68666,0.020475,0.25075,0.064211,13531,1.002,0.015489,0.11436,0.14024,0.94133,0.14024,0.11436,0.015489,22983,0.99937,0.014303,0.42066,0.086126,1.5297,0.086126,0.42066,0.014303,30461,0.99261,0.052083,0.045684,0.10778,0.57681,0.10778,0.045684,0.052083,13102,0.98806,0.13149,0.36556,0.17334,1.3836,0.17334,0.36556,0.13149,14755,0.99798,0.037732,0.38852,0.28246,0.96077,0.28246,0.38852,0.037732,1.1148e+05
1.0195,0.4482,0.83636,0.45468,0.29076,0.45468,0.83636,0.4482,2752,1.0144,0.29211,0.25935,0.36615,1.346,0.36615,0.25935,0.29211,5722,1.0114,0.074513,0.087773,0.20789,0.16245,0.20789,0.087773,0.074513,4649,1.0066,0.090558,0.27659,0.20857,0.93296,0.20857,0.27659,0.090558,13099,1.0024,0.051353,0.063275,0.064592,1.804,0.064592,0.063275,0.051353,22581,1.0004,0.024084,0.33721,0.28409,2.0471,0.28409,0.33721,0.024084,33817,0.99552,0.062984,0.15627,0.2474,1.1612,0.2474,0.15627,0.062984,12812,0.99269,0.11685,0.59616,0.20009,1.6086,0.20009,0.59616,0.11685,15334,0.9987,0.19533,1.1484,0.28668,1.5075,0.28668,1.1484,0.19533,1.148e+05
1.0193,0.31289,0.32948,0.38767,0.77541,0.38767,0.32948,0.31289,2205,1.0147,0.22913,0.36865,0.082975,0.91701,0.082975,0.36865,0.22913,4919,1.0108,0.066883,0.088535,0.064914,0.49925,0.064914,0.088535,0.066883,4380,1.0065,0.043306,0.23477,0.50831,0.71074,0.50831,0.23477,0.043306,13434,1.0021,0.043805,0.10878,0.19019,1.6459,0.19019,0.10878,0.043805,22818,1,0.05485,0.49727,0.39254,1.8152,0.39254,0.49727,0.05485,34976,0.99609,0.036077,0.12223,0.28987,1.8361,0.28987,0.12223,0.036077,13015,0.99322,0.29582,0.84167,0.75454,1.5981,0.75454,0.84167,0.29582,14848,0.99891,0.42494,1.866,0.53271,1.2147,0.53271,1.866,0.42494,1.175e+05
1.0193,0.16723,0.90775,0.47299,0.83775,0.47299,0.90775,0.16723,2848,1.0153,0.29162,0.34782,0.27351,0.95294,0.27351,0.34782,0.29162,5303,1.0103,0.11106,0.036727,0.19254,0.21529,0.19254,0.036727,0.11106,4868,1.0065,0.03962,0.14731,0.22338,0.32707,0.22338,0.14731,0.03962,12689,1.0025,0.033781,0.21992,0.27561,1.3595,0.27561,0.21992,0.033781,20908,1.0002,0.051667,0.48206,0.41535,1.7959,0.41535,0.48206,0.051667,33441,0.99563,0.030935,0.19864,0.17783,0.98245,0.17783,0.19864,0.030935,13894,0.99324,0.11336,0.72162,0.35727,1.5941,0.35727,0.72162,0.11336,15585,0.99863,0.35127,1.1586,0.30518,0.68709,0.30518,1.1586,0.35127,1.1717e+05
1.0203,0.3325,0.3306,0.085437,0.24212,0.085437,0.3306,0.3325,4962,1.0145,0.32939,0.17992,0.17374,0.79669,0.17374,0.17992,0.32939,7615,1.0111,0.0032637,0.2243,0.094291,0.28238,0.094291,0.2243,0.0032637,5137,1.0069,0.1313,0.31034,0.24312,0.49355,0.24312,0.31034,0.1313,11365,1.0024,0.041848,0.18381,0.26596,1.3404,0.26596,0.18381,0.041848,17506,1.0003,0.024274,0.42754,0.12234,1.7026,0.12234,0.42754,0.024274,28809,0.99478,0.030496,0.18446,0.070814,1.2918,0.070814,0.18446,0.030496,12589,0.99164,0.030094,0.64875,0.065137,0.98599,0.065137,0.64875,0.030094,15802,0.99826,0.13034,0.7907,0.14554,1.1453,0.14554,0.7907,0.13034,1.1532e+05
1.0171,0.29592,0.38533,0.7418,0.31312,0.7418,0.38533,0.29592,1874,1.0126,0.19178,0.44219,0.18758,1.2232,0.18758,0.44219,0.19178,4762,1.0098,0.061762,0.20859,0.21708,0.28811,0.21708,0.20859,0.061762,3835,1.006,0.027892,0.38092,0.19309,1.2661,0.19309,0.38092,0.027892,12579,1.0021,0.023943,0.13734,0.14526,1.9729,0.14526,0.13734,0.023943,22394,1.0002,0.04639,0.39847,0.35873,2.0612,0.35873,0.39847,0.04639,34627,0.99639,0.070778,0.18286,0.062471,1.4723,0.062471,0.18286,0.070778,12436,0.99436,0.2186,0.66539,0.51504,1.4829,0.51504,0.66539,0.2186,14945,0.99902,0.25124,0.80548,0.57472,1.7119,0.57472,0.80548,0.25124,1.211e+05
1.0195,0.45094,0.55255,0.17512,1.0382,0.17512,0.55255,0.45094,2174,1.0146,0.22463,0.43511,0.22063,1.2678,0.22063,0.43511,0.22463,5021,1.0108,0.049249,0.10982,0.13149,0.18087,0.13149,0.10982,0.049249,4426,1.0065,0.0396,0.32135,0.1029,0.90054,0.1029,0.32135,0.0396,13516,1.0023,0.043507,0.28008,0.24472,1.8037,0.24472,0.28008,0.043507,22221,1.0003,0.05206,0.41849,0.47027,2.0283,0.47027,0.41849,0.05206,35122,0.99581,0.046108,0.18198,0.23953,1.1675,0.23953,0.18198,0.046108,13436,0.99345,0.22279,0.56962,0.23444,1.79,0.23444,0.56962,0.22279,15616,0.99898,0.3938,0.91041,0.12115,1.9056,0.12115,0.91041,0.3938,1.1694e+05
1.0197,0.2105,0.73752,0.19147,0.63613,0.19147,0.73752,0.2105,2751,1.0167,0.065342,0.53526,0.17484,0.33686,0.17484,0.53526,0.065342,5370,1.0106,0.19407,0.29439,0.13393,0.56981,0.13393,0.29439,0.19407,4364,1.0068,0.12744,0.21211,0.055026,0.26477,0.055026,0.21211,0.12744,12599,1.0023,0.033495,0.3387,0.075394,0.44345,0.075394,0.3387,0.033495,21812,1.0002,0.0038376,0.41067,0.37312,1.7572,0.37312,0.41067,0.0038376,33550,0.9958,0.016191,0.33944,0.34211,0.91246,0.34211,0.33944,0.016191,13195,0.99322,0.25369,0.98567,0.35327,1.3882,0.35327,0.98567,0.25369,15741,0.99866,0.30025,1.3942,0.55131,0.87144,0.55131,1.3942,0.30025,1.1692e+05
1.0202,0.12318,0.55093,0.049018,0.29109,0.049018,0.55093,0.12318,3575,1.0152,0.1094,0.066915,0.27432,0.62181,0.27432,0.066915,0.1094,5912,1.0108,0.034703,0.26299,0.13868,0.41621,0.13868,0.26299,0.034703,5509,1.0069,0.07145,0.078853,0.1072,0.072424,0.1072,0.078853,0.07145,13085,1.0021,0.03482,0.23765,0.12156,0.41216,0.12156,0.23765,0.03482,22222,0.99987,0.018512,0.15027,0.19428,1.4846,0.19428,0.15027,0.018512,31458,0.99494,0.032284,0.10034,0.15516,0.27753,0.15516,0.10034,0.032284,13775,0.99267,0.030259,0.018999,0.27524,2.2404,0.27524,0.018999,0.030259,15206,0.99869,0.40118,0.51171,0.10661,1.3492,0.10661,0.51171,0.40118,1.143e+05
1.0192,0.14906,0.84824,0.56983,0.031539,0.56983,0.84824,0.14906,2658,1.0144,0.15995,0.030488,0.35871,1.3821,0.35871,0.030488,0.15995,4943,1.0104,0.018597,0.17928,0.41117,0.3516,0.41117,0.17928,0.018597,4846,1.0062,0.088132,0.068058,0.21673,0.14377,0.21673,0.068058,0.088132,13954,1.0019,0.043825,0.055507,0.069902,1.1676,0.069902,0.055507,0.043825,24221,0.99991,0.024155,0.27253,0.33658,2.0639,0.33658,0.27253,0.024155,35077,0.99566,0.0063735,0.025455,0.16741,0.38611,0.16741,0.025455,0.0063735,14670,0.99363,0.2375,0.27165,0.49214,2.0713,0.49214,0.27165,0.2375,15170,0.99883,0.42576,1.2474,0.69255,1.6634,0.69255,1.2474,0.42576,1.13e+05
1.0172,0.42894,1.0777,0.15527,0.47301,0.15527,1.0777,0.42894,1630,1.0132,0.10924,0.47469,0.1656,1.2512,0.1656,0.47469,0.10924,4513,1.01,0.10322,0.26547,0.18686,0.66611,0.18686,0.26547,0.10322,3779,1.0065,0.055755,0.24588,0.099677,0.90938,0.099677,0.24588,0.055755,13022,1.0023,0.012309,0.085643,0.1528,1.9822,0.1528,0.085643,0.012309,23867,1.0001,0.022907,0.43093,0.22163,1.9616,0.22163,0.43093,0.022907,36352,0.99612,0.10123,0.1123,0.19012,1.0526,0.19012,0.1123,0.10123,13117,0.9942,0.15448,0.63117,0.20868,1.7572,0.20868,0.63117,0.15448,14825,0.99906,0.13749,1.2317,0.14937,1.3175,0.14937,1.2317,0.13749,1.1789e+05
1.0181,0.15668,0.2184,0.52449,1.7183,0.52449,0.2184,0.15668,2769,1.0141,0.17459,0.39399,0.42865,1.3504,0.42865,0.39399,0.17459,5525,1.01,0.071485,0.18548,0.1068,0.029197,0.1068,0.18548,0.071485,4656,1.0065,0.089997,0.091015,0.18882,0.82277,0.18882,0.091015,0.089997,13605,1.0022,0.030216,0.11592,0.037793,1.7825,0.037793,0.11592,0.030216,23775,1.0001,0.020531,0.3781,0.271,2.0087,0.271,0.3781,0.020531,33163,0.99569,0.044256,0.040605,0.063623,1.0869,0.063623,0.040605,0.044256,12876,0.99331,0.078933,0.67054,0.089991,1.7656,0.089991,0.67054,0.078933,15362,0.99891,0.1889,0.97202,0.10039,1.6394,0.10039,0.97202,0.1889,1.1467e+05
1.0189,0.22534,0.53186,0.063985,0.70305,0.063985,0.53186,0.22534,2580,1.0154,0.26542,0.38895,0.095109,0.59147,0.095109,0.38895,0.26542,5217,1.0106,0.060103,0.14962,0.15792,0.13319,0.15792,0.14962,0.060103,4663,1.006,0.081435,0.12098,0.13133,0.64285,0.13133,0.12098,0.081435,13796,1.002,0.019267,0.089375,0.070256,1.6486,0.070256,0.089375,0.019267,24812,1.0001,0.033451,0.41138,0.39025,1.9877,0.39025,0.41138,0.033451,34290,0.99571,0.070916,0.088494,0.05498,1.1041,0.05498,0.088494,0.070916,13471,0.99322,0.1086,0.49595,0.054712,1.6527,0.054712,0.49595,0.1086,14946,0.99888,0.21839,1.2224,0.52804,1.0359,0.52804,1.2224,0.21839,1.1522e+05
1.0202,0.41189,0.28165,0.11986,0.17083,0.11986,0.28165,0.41189,2745,1.0143,0.19709,0.29923,0.4344,1.3899,0.4344,0.29923,0.19709,5480,1.0101,0.0084148,0.15218,0.27132,0.68522,0.27132,0.15218,0.0084148,4967,1.006,0.078064,0.10097,0.11689,1.0304,0.11689,0.10097,0.078064,13254,1.0019,0.033303,0.11072,0.072549,1.8667,0.072549,0.11072,0.033303,23990,1,0.0238,0.39837,0.3216,2.0067,0.3216,0.39837,0.0238,33366,0.99573,0.052849,0.099987,0.27279,1.1299,0.27279,0.099987,0.052849,13765,0.9929,0.0842,0.44653,0.10197,1.7181,0.10197,0.44653,0.0842,14939,0.99885,0.22534,0.75025,0.1452,1.3446,0.1452,0.75025,0.22534,1.1533e+05
1.0242,0.21952,0.23193,0.038027,0.20762,0.038027,0.23193,0.21952,4418,1.0188,0.22456,0.27048,0.075473,0.68687,0.075473,0.27048,0.22456,6850,1.0131,0.10116,0.044888,0.12744,0.11403,0.12744,0.044888,0.10116,5587,1.0079,0.077877,0.21585,0.21443,0.61282,0.21443,0.21585,0.077877,12660,1.0024,0.038387,0.083174,0.1293,1.5804,0.1293,0.083174,0.038387,20704,0.99971,0.026368,0.39289,0.21163,1.8002,0.21163,0.39289,0.026368,29656,0.99364,0.021558,0.018981,0.082557,0.37393,0.082557,0.018981,0.021558,13489,0.99039,0.13024,0.49798,0.21219,1.2334,0.21219,0.49798,0.13024,15563,0.99837,0.081785,0.81623,0.39195,1.1811,0.39195,0.81623,0.081785,1.1453e+05
1.0188,0.24241,0.33776,0.65603,0.017904,0.65603,0.33776,0.24241,2627,1.0149,0.17116,0.71899,0.13716,0.75185,0.13716,0.71899,0.17116,5276,1.011,0.066283,0.064979,0.20399,0.18709,0.20399,0.064979,0.066283,4841,1.0065,0.085999,0.26747,0.024928,0.73121,0.024928,0.26747,0.085999,13850,1.0022,0.048032,0.20328,0.45899,1.6694,0.45899,0.20328,0.048032,23461,1.0003,0.039405,0.36354,0.29453,2.0474,0.29453,0.36354,0.039405,33269,0.99576,0.070742,0.13319,0.22723,1.3532,0.22723,0.13319,0.070742,13961,0.99295,0.197,0.71139,0.48101,1.506,0.48101,0.71139,0.197,15783,0.99878,0.32096,1.3506,0.79318,1.4334,0.79318,1.3506,0.32096,1.1484e+05
1.0159,0.20657,0.41732,0.36805,1.7447,0.36805,0.41732,0.20657,1745,1.0123,0.10057,0.53549,0.74507,1.9464,0.74507,0.53549,0.10057,4759,1.0099,0.039306,0.2685,0.14927,0.99454,0.14927,0.2685,0.039306,3613,1.0061,0.10053,0.1454,0.24653,0.83469,0.24653,0.1454,0.10053,12407,1.0024,0.028763,0.077565,0.09129,1.9549,0.09129,0.077565,0.028763,21073,1.0007,0.044729,0.24901,0.43305,2.3508,0.43305,0.24901,0.044729,35691,0.99665,0.046997,0.14089,0.10757,1.6833,0.10757,0.14089,0.046997,12772,0.99431,0.065042,0.62205,0.26473,1.5107,0.26473,0.62205,0.065042,15790,0.99898,0.087407,0.72106,0.67533,1.5774,0.67533,0.72106,0.087407,1.1829e+05
1.028,0.29138,0.60122,0.28588,0.099588,0.28588,0.60122,0.29138,5270,1.021,0.18463,0.24378,0.099556,0.9035,0.099556,0.24378,0.18463,8037,1.0153,0.053935,0.27621,0.12892,0.034815,0.12892,0.27621,0.053935,6217,1.0091,0.074365,0.042731,0.1737,0.3173,0.1737,0.042731,0.074365,12433,1.0021,0.0095102,0.13885,0.10248,0.98242,0.10248,0.13885,0.0095102,18918,0.99964,0.013025,0.41392,0.053021,1.6272,0.053021,0.41392,0.013025,28635,0.99217,0.014697,0.26048,0.057949,0.33978,0.057949,0.26048,0.014697,13496,0.98784,0.069233,0.16198,0.041085,1.5425,0.041085,0.16198,0.069233,15819,0.99768,0.11118,0.59011,0.09158,1.2522,0.09158,0.59011,0.11118,1.133e+05
1.0173,0.083667,0.11919,0.20269,1.3059,0.20269,0.11919,0.083667,2537,1.0124,0.09061,0.25218,0.59853,1.651,0.59853,0.25218,0.09061,5642,1.0094,0.051325,0.091052,0.32059,0.08512,0.32059,0.091052,0.051325,5216,1.0057,0.11412,0.042246,0.22616,0.24323,0.22616,0.042246,0.11412,13624,1.002,0.042893,0.1465,0.17184,1.0287,0.17184,0.1465,0.042893,21486,0.99953,0.017119,0.60707,0.17934,1.4786,0.17934,0.60707,0.017119,33206,0.99561,0.035701,0.13079,0.18104,0.80724,0.18104,0.13079,0.035701,13328,0.99384,0.097569,0.60088,0.087617,1.7072,0.087617,0.60088,0.097569,15046,0.99894,0.18373,0.90272,0.34835,1.7187,0.34835,0.90272,0.18373,1.1683e+05
1.0246,0.24734,0.66301,0.091886,0.70782,0.091886,0.66301,0.24734,4335,1.017,0.3184,0.28166,0.19734,0.33775,0.19734,0.28166,0.3184,6911,1.0118,0.026646,0.19705,0.059477,0.47416,0.059477,0.19705,0.026646,5996,1.0072,0.1032,0.030042,0.13086,0.098685,0.13086,0.030042,0.1032,13401,1.0021,0.067678,0.20781,0.15146,0.29097,0.15146,0.20781,0.067678,23007,0.99931,0.031714,0.24655,0.19547,1.2772,0.19547,0.24655,0.031714,30759,0.99362,0.035401,0.020072,0.1471,0.04739,0.1471,0.020072,0.035401,13529,0.99032,0.17644,0.33154,0.20734,2.0717,0.20734,0.33154,0.17644,14780,0.9983,0.020142,0.68907,0.42789,1.1307,0.42789,0.68907,0.020142,1.1268e+05
1.0264,0.34746,0.23116,0.52517,0.71666,0.52517,0.23116,0.34746,3972,1.0194,0.20077,0.30329,0.1558,0.035347,0.1558,0.30329,0.20077,6373,1.0143,0.067974,0.074827,0.05987,0.33119,0.05987,0.074827,0.067974,5903,1.0083,0.050852,0.26398,0.045195,0.51385,0.045195,0.26398,0.050852,13819,1.0023,0.013454,0.30123,0.14047,0.99835,0.14047,0.30123,0.013454,24414,0.99934,0.011977,0.59602,0.06808,1.3542,0.06808,0.59602,0.011977,32557,0.99299,0.013563,0.13788,0.13423,0.83072,0.13423,0.13788,0.013563,13879,0.98988,0.1217,0.6763,0.36716,1.4106,0.36716,0.6763,0.1217,14580,0.9983,0.10246,1.5698,0.601,0.63883,0.601,1.5698,0.10246,1.1107e+05
1.019,0.086515,1.1351,0.18836,0.67589,0.18836,1.1351,0.086515,1738,1.0153,0.26513,0.56141,0.30691,0.1712,0.30691,0.56141,0.26513,3726,1.0117,0.066319,0.30153,0.17666,0.45523,0.17666,0.30153,0.066319,3198,1.0074,0.058977,0.14562,0.22879,0.040718,0.22879,0.14562,0.058977,11517,1.0024,0.036423,0.23565,0.16365,0.35355,0.16365,0.23565,0.036423,17431,1.0004,0.026094,0.4972,0.083478,1.3342,0.083478,0.4972,0.026094,41089,0.99587,0.039905,0.14718,0.32354,1.1921,0.32354,0.14718,0.039905,11293,0.99476,0.087728,0.58847,0.45589,1.5682,0.45589,0.58847,0.087728,14698,0.9988,0.04095,1.819,0.49454,1.0545,0.49454,1.819,0.04095,1.2641e+05
1.0208,0.33113,0.24253,0.30435,0.30808,0.30435,0.24253,0.33113,2784,1.0153,0.14704,0.45703,0.1517,0.63966,0.1517,0.45703,0.14704,5730,1.0109,0.078675,0.037241,0.10606,0.32875,0.10606,0.037241,0.078675,5123,1.0065,0.057165,0.2757,0.47174,0.81954,0.47174,0.2757,0.057165,13498,1.002,0.041705,0.25753,0.2099,1.6977,0.2099,0.25753,0.041705,22643,0.99983,0.0087648,0.5758,0.14085,1.6096,0.14085,0.5758,0.0087648,34699,0.99478,0.080262,0.21151,0.096387,0.78535,0.096387,0.21151,0.080262,13022,0.99302,0.12399,0.61662,0.21227,1.3119,0.21227,0.61662,0.12399,14345,0.99867,0.059905,0.9839,0.58172,1.4758,0.58172,0.9839,0.059905,1.1417e+05
1.0227,0.20072,0.39938,0.99568,0.094986,0.99568,0.39938,0.20072,2170,1.0172,0.099126,0.37979,0.068986,1.0942,0.068986,0.37979,0.099126,5257,1.0125,0.032963,0.26741,0.056717,0.052821,0.056717,0.26741,0.032963,4341,1.0079,0.062983,0.14041,0.25939,0.22105,0.25939,0.14041,0.062983,12015,1.0024,0.031055,0.1747,0.18533,1.3212,0.18533,0.1747,0.031055,22003,1,0.020263,0.52942,0.068487,1.6468,0.068487,0.52942,0.020263,37597,0.9946,0.024912,0.05969,0.023019,1.1533,0.023019,0.05969,0.024912,13053,0.99281,0.081716,0.46249,0.29766,1.4678,0.29766,0.46249,0.081716,15216,0.99874,0.11043,1.0714,1.0169,1.3254,1.0169,1.0714,0.11043,1.1568e+05
1.021,0.31407,0.47192,0.11225,0.17453,0.11225,0.47192,0.31407,3133,1.0147,0.21803,0.27377,0.056288,1.239,0.056288,0.27377,0.21803,6120,1.0109,0.050228,0.18516,0.043676,0.016996,0.043676,0.18516,0.050228,4308,1.0068,0.11371,0.1037,0.15107,0.47944,0.15107,0.1037,0.11371,11862,1.0023,0.030218,0.097561,0.14248,1.4335,0.14248,0.097561,0.030218,18876,1,0.021155,0.477,0.19973,1.8466,0.19973,0.477,0.021155,32338,0.99517,0.13054,0.05262,0.25119,0.85897,0.25119,0.05262,0.13054,12443,0.99315,0.11782,0.46212,0.36913,1.3821,0.36913,0.46212,0.11782,15725,0.9987,0.19469,0.74759,0.25291,1.0952,0.25291,0.74759,0.19469,1.1753e+05
1.0212,0.12868,0.65964,0.25259,0.70707,0.25259,0.65964,0.12868,4470,1.0158,0.13906,0.18509,0.23686,0.78256,0.23686,0.18509,0.13906,6873,1.0117,0.020745,0.13562,0.036442,0.014761,0.036442,0.13562,0.020745,5844,1.007,0.062692,0.22764,0.090072,0.66316,0.090072,0.22764,0.062692,12790,1.0021,0.038389,0.21986,0.14242,1.6473,0.14242,0.21986,0.038389,21184,0.99986,0.046835,0.47329,0.21684,1.7869,0.21684,0.47329,0.046835,30034,0.99401,0.021727,0.16194,0.18638,1.2204,0.18638,0.16194,0.021727,13378,0.99045,0.14199,0.59309,0.33991,1.2011,0.33991,0.59309,0.14199,14505,0.99847,0.17099,1.0922,0.57802,0.96121,0.57802,1.0922,0.17099,1.143e+05
1.0166,0.22265,0.19843,0.19082,1.0808,0.19082,0.19843,0.22265,1732,1.0135,0.0751,0.30439,0.14798,0.13136,0.14798,0.30439,0.0751,4280,1.0109,0.039108,0.32865,0.17873,0.21039,0.17873,0.32865,0.039108,3879,1.0065,0.027611,0.24303,0.073944,0.17537,0.073944,0.24303,0.027611,13251,1.0022,0.015364,0.27593,0.059305,0.71567,0.059305,0.27593,0.015364,22971,0.99988,0.040173,0.19722,0.10858,1.5884,0.10858,0.19722,0.040173,36850,0.99587,0.029899,0.25349,0.18348,0.10684,0.18348,0.25349,0.029899,13682,0.99481,0.18785,0.5041,0.26245,2.1333,0.26245,0.5041,0.18785,14645,0.99902,0.26965,0.74442,0.32673,1.1913,0.32673,0.74442,0.26965,1.1888e+05
1.0166,0.11773,0.63858,0.12919,1.0279,0.12919,0.63858,0.11773,2363,1.0131,0.38902,0.16145,0.472,0.41127,0.472,0.16145,0.38902,5019,1.0098,0.12333,0.21753,0.18663,0.40052,0.18663,0.21753,0.12333,4612,1.0061,0.073168,0.23851,0.19917,0.29965,0.19917,0.23851,0.073168,13474,1.002,0.040768,0.18373,0.46496,0.86923,0.46496,0.18373,0.040768,22048,1.0003,0.10114,0.50992,0.49752,1.7037,0.49752,0.50992,0.10114,33747,0.99631,0.046898,0.10934,0.31352,0.77345,0.31352,0.10934,0.046898,13404,0.99411,0.24337,0.54866,0.34112,0.9619,0.34112,0.54866,0.24337,16221,0.99875,0.70789,1.4578,0.19152,0.35071,0.19152,1.4578,0.70789,1.1654e+05
1.0216,0.1748,0.49889,0.10541,0.23894,0.10541,0.49889,0.1748,3786,1.0157,0.16829,0.19984,0.030649,0.57665,0.030649,0.19984,0.16829,6892,1.0127,0.012154,0.024366,0.078993,0.0785,0.078993,0.024366,0.012154,5819,1.0075,0.055871,0.24859,0.1465,0.51678,0.1465,0.24859,0.055871,12870,1.0022,0.031184,0.18767,0.25624,0.99664,0.25624,0.18767,0.031184,21738,0.99973,0.038702,0.34264,0.097568,1.7649,0.097568,0.34264,0.038702,31083,0.99407,0.060372,0.13138,0.075592,0.99047,0.075592,0.13138,0.060372,12977,0.99088,0.037771,0.35476,0.080732,1.6698,0.080732,0.35476,0.037771,14659,0.99842,0.25378,1.1055,0.20759,1.35,0.20759,1.1055,0.25378,1.1466e+05
1.0207,0.18347,0.42552,0.22989,0.50302,0.22989,0.42552,0.18347,2625,1.0146,0.149,0.088574,0.3419,0.80424,0.3419,0.088574,0.149,5365,1.0115,0.080228,0.11115,0.048804,0.09284,0.048804,0.11115,0.080228,5189,1.0068,0.059909,0.17256,0.11067,0.68846,0.11067,0.17256,0.059909,14108,1.002,0.024108,0.12379,0.16952,1.2566,0.16952,0.12379,0.024108,24663,0.99981,0.054694,0.37805,0.21605,1.8368,0.21605,0.37805,0.054694,35003,0.99464,0.020383,0.0845,0.069363,0.73224,0.069363,0.0845,0.020383,13403,0.99271,0.036789,0.32774,0.24655,2.117,0.24655,0.32774,0.036789,13934,0.99871,0.26554,0.78283,0.24043,1.0782,0.24043,0.78283,0.26554,1.136e+05
1.0185,0.066614,0.62516,0.52913,0.82136,0.52913,0.62516,0.066614,2763,1.0141,0.20596,0.38834,0.61995,1.5741,0.61995,0.38834,0.20596,5604,1.0111,0.035282,0.19244,0.14146,0.22085,0.14146,0.19244,0.035282,5249,1.0063,0.041141,0.14881,0.17193,1.0645,0.17193,0.14881,0.041141,14329,1.0019,0.032343,0.12786,0.27663,1.7177,0.27663,0.12786,0.032343,24817,0.99968,0.02749,0.52218,0.17038,1.7861,0.17038,0.52218,0.02749,33509,0.99519,0.040446,0.065547,0.31675,1.5026,0.31675,0.065547,0.040446,14181,0.99211,0.038831,0.58076,0.28103,1.4567,0.28103,0.58076,0.038831,14321,0.99889,0.22151,0.82818,0.60996,1.3115,0.60996,0.82818,0.22151,1.1294e+05
1.0215,0.079953,0.17439,0.23843,0.13867,0.23843,0.17439,0.079953,3577,1.0169,0.36409,0.37417,0.062345,0.15955,0.062345,0.37417,0.36409,6513,1.0123,0.054254,0.018966,0.10737,0.122,0.10737,0.018966,0.054254,5613,1.007,0.090956,0.21749,0.12596,0.50974,0.12596,0.21749,0.090956,13843,1.002,0.029901,0.11131,0.1566,1.3175,0.1566,0.11131,0.029901,22383,0.99978,0.030261,0.44299,0.23878,1.7024,0.23878,0.44299,0.030261,31371,0.99438,0.088592,0.061189,0.15093,0.42693,0.15093,0.061189,0.088592,13600,0.99189,0.10886,0.54821,0.16605,1.2437,0.16605,0.54821,0.10886,15235,0.99843,0.15382,0.73218,0.013823,0.51759,0.013823,0.73218,0.15382,1.1275e+05
1.0177,0.16035,0.13555,0.39761,0.074358,0.39761,0.13555,0.16035,2125,1.0136,0.35785,0.21038,0.27051,0.92691,0.27051,0.21038,0.35785,5014,1.0101,0.035773,0.092389,0.20704,0.060367,0.20704,0.092389,0.035773,4427,1.0058,0.053754,0.19384,0.23261,0.97503,0.23261,0.19384,0.053754,13145,1.0021,0.055111,0.081418,0.20628,1.4237,0.20628,0.081418,0.055111,21482,1.0001,0.016814,0.34376,0.25072,2.1015,0.25072,0.34376,0.016814,34495,0.99619,0.024747,0.20463,0.25754,0.94927,0.25754,0.20463,0.024747,13486,0.99397,0.13792,0.59648,0.43643,1.8057,0.43643,0.59648,0.13792,15269,0.9989,0.23154,0.57493,0.45662,1.8074,0.45662,0.57493,0.23154,1.1789e+05
1.0166,0.5067,0.25173,0.7223,1.3177,0.7223,0.25173,0.5067,2175,1.012,0.19558,0.31803,0.4898,1.7253,0.4898,0.31803,0.19558,5050,1.0103,0.10398,0.14379,0.34761,1.1435,0.34761,0.14379,0.10398,4469,1.006,0.017026,0.21869,0.15766,1.2646,0.15766,0.21869,0.017026,13341,1.0022,0.0369,0.058248,0.27253,1.9596,0.27253,0.058248,0.0369,22199,1.0003,0.052699,0.30198,0.46022,2.1542,0.46022,0.30198,0.052699,33968,0.99627,0.041462,0.24583,0.1146,1.3698,0.1146,0.24583,0.041462,13723,0.99415,0.14206,0.66816,0.28224,1.4234,0.28224,0.66816,0.14206,15609,0.99891,0.35503,0.77067,0.21745,1.3192,0.21745,0.77067,0.35503,1.1702e+05
1.0193,0.15412,0.35813,0.40978,0.12778,0.40978,0.35813,0.15412,3337,1.0143,0.14278,0.16351,0.23752,1.5185,0.23752,0.16351,0.14278,6332,1.0113,0.037844,0.15712,0.22644,0.77913,0.22644,0.15712,0.037844,4845,1.007,0.071406,0.21183,0.01923,1.3856,0.01923,0.21183,0.071406,12357,1.0026,0.037685,0.14332,0.090195,2.086,0.090195,0.14332,0.037685,20627,1.0004,0.019618,0.27768,0.23009,2.01,0.23009,0.27768,0.019618,32790,0.99501,0.041346,0.13961,0.12144,1.6171,0.12144,0.13961,0.041346,13001,0.99195,0.042491,0.52166,0.090548,1.329,0.090548,0.52166,0.042491,15608,0.99857,0.17454,0.67005,0.55769,1.7423,0.55769,0.67005,0.17454,1.1522e+05
1.0219,0.46871,0.72159,0.18865,1.0216,0.18865,0.72159,0.46871,2330,1.0157,0.31306,0.24375,0.16397,1.5916,0.16397,0.24375,0.31306,5012,1.0103,0.070302,0.20715,0.23531,0.18781,0.23531,0.20715,0.070302,4222,1.006,0.09581,0.10952,0.23151,0.97037,0.23151,0.10952,0.09581,12630,1.0022,0.022344,0.071404,0.25958,2.0447,0.25958,0.071404,0.022344,21480,1,0.028967,0.25984,0.20482,2.2199,0.20482,0.25984,0.028967,34723,0.99552,0.062448,0.030795,0.049356,1.0593,0.049356,0.030795,0.062448,13814,0.99339,0.11487,0.39824,0.12639,1.9516,0.12639,0.39824,0.11487,15518,0.99894,0.25139,0.41245,0.311,1.9981,0.311,0.41245,0.25139,1.1818e+05
1.0179,0.17333,0.46778,0.48223,0.96493,0.48223,0.46778,0.17333,2118,1.0132,0.20438,0.36398,0.54006,1.5947,0.54006,0.36398,0.20438,4725,1.0108,0.029765,0.21216,0.33445,0.85044,0.33445,0.21216,0.029765,4631,1.0065,0.049569,0.097408,0.077386,0.79987,0.077386,0.097408,0.049569,13963,1.002,0.01923,0.043933,0.030932,1.7527,0.030932,0.043933,0.01923,24867,1.0002,0.025743,0.35554,0.26821,2.0969,0.26821,0.35554,0.025743,36389,0.99574,0.079608,0.059995,0.2935,1.5236,0.2935,0.059995,0.079608,13568,0.99341,0.05683,0.59535,0.26417,1.6034,0.26417,0.59535,0.05683,13975,0.99896,0.16861,0.85947,0.40374,1.184,0.40374,0.85947,0.16861,1.1424e+05
1.0205,0.61157,0.38894,0.49873,0.12932,0.49873,0.38894,0.61157,2635,1.016,0.25794,0.43141,0.13765,0.6848,0.13765,0.43141,0.25794,5424,1.0105,0.06703,0.20192,0.020744,0.015078,0.020744,0.20192,0.06703,4913,1.0063,0.083993,0.4127,0.14525,0.74542,0.14525,0.4127,0.083993,13055,1.002,0.041895,0.28079,0.29666,1.5686,0.29666,0.28079,0.041895,23509,1,0.042146,0.48053,0.41616,1.8326,0.41616,0.48053,0.042146,34264,0.99534,0.052893,0.11626,0.37671,0.48606,0.37671,0.11626,0.052893,13976,0.9932,0.20046,0.91261,0.1138,1.1145,0.1138,0.91261,0.20046,15189,0.99878,0.29992,0.87693,0.66388,0.83823,0.66388,0.87693,0.29992,1.1485e+05
1.028,0.2145,0.37939,0.29387,1.0599,0.29387,0.37939,0.2145,4101,1.0184,0.062061,0.39128,0.23793,1.7025,0.23793,0.39128,0.062061,6612,1.013,0.036158,0.16322,0.098471,0.53358,0.098471,0.16322,0.036158,5562,1.0073,0.073059,0.33517,0.25115,0.85574,0.25115,0.33517,0.073059,12840,1.0018,0.029076,0.33886,0.18189,1.5657,0.18189,0.33886,0.029076,21772,0.99943,0.032703,0.42029,0.22657,1.8183,0.22657,0.42029,0.032703,30051,0.99355,0.094125,0.15484,0.18332,0.17925,0.18332,0.15484,0.094125,13754,0.99116,0.097116,0.57723,0.14765,1.465,0.14765,0.57723,0.097116,15993,0.9986,0.15637,1.0303,0.20734,1.4495,0.20734,1.0303,0.15637,1.1521e+05
1.0276,0.20293,0.28928,0.23693,1.1238,0.23693,0.28928,0.20293,4461,1.0186,0.24817,0.23809,0.15199,0.90649,0.15199,0.23809,0.24817,6925,1.0132,0.057933,0.16757,0.17118,0.78378,0.17118,0.16757,0.057933,5846,1.0077,0.069566,0.28062,0.17388,0.97163,0.17388,0.28062,0.069566,12670,1.0021,0.017009,0.16296,0.17378,1.3186,0.17378,0.16296,0.017009,19820,0.99938,0.037329,0.46394,0.21705,1.6014,0.21705,0.46394,0.037329,28937,0.9935,0.035676,0.042015,0.043389,1.1406,0.043389,0.042015,0.035676,14010,0.99044,0.069179,0.49376,0.080721,1.4028,0.080721,0.49376,0.069179,16387,0.99837,0.090912,0.5968,0.42077,1.5579,0.42077,0.5968,0.090912,1.141e+05
1.0239,0.19217,0.64133,0.54452,1.2648,0.54452,0.64133,0.19217,2996,1.0172,0.037911,0.55101,0.47871,2.1417,0.47871,0.55101,0.037911,5480,1.012,0.041252,0.28345,0.21242,1.1804,0.21242,0.28345,0.041252,4979,1.0069,0.042404,0.24984,0.10431,1.2398,0.10431,0.24984,0.042404,13629,1.0018,0.033349,0.22949,0.18333,1.8723,0.18333,0.22949,0.033349,23919,0.9997,0.02614,0.52099,0.25262,1.8331,0.25262,0.52099,0.02614,34116,0.99467,0.050794,0.25006,0.11691,0.78505,0.11691,0.25006,0.050794,13453,0.99224,0.095112,0.61318,0.25395,1.6924,0.25395,0.61318,0.095112,15601,0.99881,0.17212,1.2518,0.16046,1.6439,0.16046,1.2518,0.17212,1.1413e+05
1.0166,0.05977,1.0502,1.0177,1.5743,1.0177,1.0502,0.05977,1766,1.0129,0.049239,0.83287,0.61884,1.6211,0.61884,0.83287,0.049239,4543,1.0098,0.11444,0.34944,0.24185,0.46838,0.24185,0.34944,0.11444,3363,1.0063,0.091786,0.25475,0.11671,1.1504,0.11671,0.25475,0.091786,11942,1.0022,0.027311,0.3019,0.10418,2.0911,0.10418,0.3019,0.027311,20356,1.0004,0.01436,0.30579,0.23185,2.3147,0.23185,0.30579,0.01436,34797,0.99655,0.11528,0.27082,0.0048571,1.0717,0.0048571,0.27082,0.11528,12345,0.99534,0.13163,0.72638,0.41403,1.4841,0.41403,0.72638,0.13163,17548,0.99901,0.069651,0.80402,0.2392,1.7538,0.2392,0.80402,0.069651,1.1952e+05
1.0149,0.29498,1.0444,0.80095,0.25859,0.80095,1.0444,0.29498,1757,1.0128,0.11921,0.62976,0.17992,0.90073,0.17992,0.62976,0.11921,4363,1.0096,0.14658,0.30422,0.25561,0.3539,0.25561,0.30422,0.14658,3486,1.0059,0.075731,0.13211,0.34641,1.1027,0.34641,0.13211,0.075731,12523,1.0023,0.063898,0.21498,0.28491,1.874,0.28491,0.21498,0.063898,20654,1.0005,0.046242,0.29469,0.48877,2.2305,0.48877,0.29469,0.046242,35581,0.99654,0.06793,0.22479,0.093135,0.88902,0.093135,0.22479,0.06793,12874,0.99526,0.014955,0.72049,0.16709,1.6258,0.16709,0.72049,0.014955,16199,0.999,0.22602,1.8109,0.5281,1.1535,0.5281,1.8109,0.22602,1.2182e+05
1.0161,0.53427,1.0879,0.16624,0.37918,0.16624,1.0879,0.53427,2363,1.0125,0.16461,0.44303,0.50272,1.703,0.50272,0.44303,0.16461,5230,1.0094,0.10763,0.13857,0.034081,0.19854,0.034081,0.13857,0.10763,4682,1.0057,0.072073,0.04977,0.1726,0.54603,0.1726,0.04977,0.072073,13562,1.0021,0.030552,0.063822,0.089687,1.5647,0.089687,0.063822,0.030552,23312,1.0003,0.036232,0.37401,0.42076,2.0615,0.42076,0.37401,0.036232,33596,0.99602,0.0051908,0.091178,0.046622,1.1758,0.046622,0.091178,0.0051908,13569,0.99375,0.096841,0.52223,0.25591,1.5296,0.25591,0.52223,0.096841,15123,0.99887,0.43698,0.78982,0.54934,1.8146,0.54934,0.78982,0.43698,1.1571e+05
1.0158,0.45664,0.13528,0.55085,0.95797,0.55085,0.13528,0.45664,1663,1.0114,0.11427,0.29466,0.053339,0.61778,0.053339,0.29466,0.11427,4016,1.0088,0.14172,0.06669,0.14694,0.80952,0.14694,0.06669,0.14172,3713,1.006,0.046865,0.11007,0.15483,0.459,0.15483,0.11007,0.046865,12392,1.0022,0.018971,0.11339,0.068436,0.19711,0.068436,0.11339,0.018971,21948,1.0002,0.0014959,0.68532,0.034383,0.4018,0.034383,0.68532,0.0014959,33652,0.99669,0.036421,0.084063,0.10087,0.57739,0.10087,0.084063,0.036421,12528,0.99619,0.15564,0.57405,0.2085,1.4682,0.2085,0.57405,0.15564,16362,0.99904,0.51183,2.317,1.483,0.7154,1.483,2.317,0.51183,1.2388e+05
1.0197,0.15181,0.60768,0.083872,0.7103,0.083872,0.60768,0.15181,2044,1.0136,0.32927,0.17505,0.28251,0.18108,0.28251,0.17505,0.32927,4103,1.0105,0.14929,0.066066,0.091023,0.49157,0.091023,0.066066,0.14929,3930,1.0058,0.013072,0.13121,0.22675,0.091291,0.22675,0.13121,0.013072,12698,1.0018,0.061245,0.25797,0.046367,0.051128,0.046367,0.25797,0.061245,21232,0.99984,0.039199,0.6593,0.19143,0.2944,0.19143,0.6593,0.039199,33867,0.9959,0.022494,0.16074,0.10029,0.31393,0.10029,0.16074,0.022494,12260,0.99565,0.11932,0.27371,0.18635,2.241,0.18635,0.27371,0.11932,14893,0.99905,0.35998,1.0415,0.62888,1.6205,0.62888,1.0415,0.35998,1.2475e+05
1.0177,0.02461,0.54608,0.42715,1.0009,0.42715,0.54608,0.02461,1626,1.0115,0.27584,0.32978,0.35064,0.68714,0.35064,0.32978,0.27584,3528,1.0089,0.069728,0.14214,0.17665,1.1279,0.17665,0.14214,0.069728,3565,1.0057,0.017043,0.18529,0.37902,0.50162,0.37902,0.18529,0.017043,12812,1.0017,0.042967,0.35704,0.15527,0.2799,0.15527,0.35704,0.042967,24302,0.99985,0.015696,0.72432,0.37002,0.15471,0.37002,0.72432,0.015696,36219,0.99611,0.031948,0.036147,0.081947,0.83234,0.081947,0.036147,0.031948,12150,0.99669,0.076826,0.43395,0.46924,1.8652,0.46924,0.43395,0.076826,17483,0.99911,0.15418,2.3581,1.203,1.7027,1.203,2.3581,0.15418,1.1993e+05
1.019,0.66496,0.51508,0.25607,0.77885,0.25607,0.51508,0.66496,1493,1.0139,0.31472,0.39794,0.18357,0.075005,0.18357,0.39794,0.31472,3461,1.011,0.080763,0.14821,0.33585,0.29372,0.33585,0.14821,0.080763,3319,1.0067,0.026534,0.10958,0.063825,0.098496,0.063825,0.10958,0.026534,13225,1.0022,0.023369,0.13009,0.1537,0.24353,0.1537,0.13009,0.023369,27075,0.99985,0.020249,0.50279,0.25073,0.76085,0.25073,0.50279,0.020249,39096,0.99607,0.11484,0.077259,0.09743,0.032974,0.09743,0.077259,0.11484,12914,0.99588,0.075156,0.44864,0.51118,2.8186,0.51118,0.44864,0.075156,15063,0.99926,0.35396,2.4126,0.71565,2.0335,0.71565,2.4126,0.35396,1.1702e+05
1.0154,0.36007,0.36321,1.0691,0.16385,1.0691,0.36321,0.36007,1523,1.0108,0.31725,0.43704,0.45662,0.13651,0.45662,0.43704,0.31725,3532,1.0082,0.054373,0.36578,0.16823,0.958,0.16823,0.36578,0.054373,3222,1.0055,0.10625,0.29488,0.43771,0.29239,0.43771,0.29488,0.10625,12584,1.0019,0.08903,0.42836,0.12483,0.04659,0.12483,0.42836,0.08903,22791,1.0001,0.026378,0.73636,0.12877,0.52484,0.12877,0.73636,0.026378,34715,0.99686,0.02374,0.094851,0.15003,0.3786,0.15003,0.094851,0.02374,12615,0.99622,0.14955,1.5738,0.34276,1.4312,0.34276,1.5738,0.14955,15800,0.9992,0.41062,1.6865,0.18899,0.21077,0.18899,1.6865,0.41062,1.2501e+05
1.018,0.075285,0.14897,0.72978,0.95174,0.72978,0.14897,0.075285,1787,1.0139,0.076182,0.10669,0.46369,0.61855,0.46369,0.10669,0.076182,3902,1.0112,0.053588,0.12512,0.12066,0.99479,0.12066,0.12512,0.053588,3842,1.0065,0.031479,0.098174,0.08199,0.22924,0.08199,0.098174,0.031479,13818,1.002,0.017271,0.21028,0.16949,0.17061,0.16949,0.21028,0.017271,28108,0.99963,0.011451,0.55138,0.19682,0.59669,0.19682,0.55138,0.011451,37183,0.99567,0.067617,0.13265,0.15183,0.0093871,0.15183,0.13265,0.067617,12637,0.99523,0.24266,0.5926,0.37096,1.5575,0.37096,0.5926,0.24266,14148,0.99904,0.3611,1.6655,0.61596,0.28698,0.61596,1.6655,0.3611,1.1653e+05
1.0181,0.081183,0.61122,0.21912,0.78699,0.21912,0.61122,0.081183,1581,1.0125,0.25047,0.27652,0.077187,0.61131,0.077187,0.27652,0.25047,3457,1.0103,0.05292,0.087699,0.14737,0.78578,0.14737,0.087699,0.05292,3582,1.0064,0.053349,0.1563,0.27778,0.20065,0.27778,0.1563,0.053349,12926,1.0018,0.039612,0.10389,0.014052,0.015019,0.014052,0.10389,0.039612,25478,0.99997,0.039369,0.63664,0.11184,0.35001,0.11184,0.63664,0.039369,36387,0.99615,0.035847,0.024037,0.12327,0.496,0.12327,0.024037,0.035847,12723,0.99615,0.10899,0.45766,0.38421,1.8074,0.38421,0.45766,0.10899,14583,0.99903,0.34094,1.9435,0.42978,0.68066,0.42978,1.9435,0.34094,1.2077e+05
1.0157,0.096525,0.2396,0.84448,0.60037,0.84448,0.2396,0.096525,1497,1.01,0.10964,0.44524,0.19666,0.10675,0.19666,0.44524,0.10964,3438,1.0077,0.16935,0.12499,0.16868,0.28555,0.16868,0.12499,0.16935,3076,1.0048,0.04694,0.20242,0.27071,0.25098,0.27071,0.20242,0.04694,11717,1.002,0.068167,0.15649,0.10115,0.032306,0.10115,0.15649,0.068167,19497,1.0003,0.046978,0.66599,0.2205,0.41938,0.2205,0.66599,0.046978,35038,0.997,0.036623,0.047134,0.11506,0.55172,0.11506,0.047134,0.036623,12294,0.99675,0.046188,0.62541,0.077848,1.4314,0.077848,0.62541,0.046188,16362,0.99929,0.049214,2.7822,0.46998,2.2187,0.46998,2.7822,0.049214,1.2748e+05
1.0155,0.20549,0.19115,0.22862,1.4002,0.22862,0.19115,0.20549,1239,1.0094,0.15611,0.10195,0.12292,0.26081,0.12292,0.10195,0.15611,2998,1.008,0.063101,0.40169,0.074486,0.76035,0.074486,0.40169,0.063101,2539,1.005,0.020245,0.21173,0.13651,0.30027,0.13651,0.21173,0.020245,10028,1.0022,0.022358,0.13232,0.12762,0.19499,0.12762,0.13232,0.022358,14396,1.0005,0.078515,0.30087,0.019133,0.32625,0.019133,0.30087,0.078515,33996,0.99749,0.030723,0.10121,0.041413,0.7962,0.041413,0.10121,0.030723,11552,0.9977,0.096377,0.17848,0.11876,1.5539,0.11876,0.17848,0.096377,20377,0.99925,0.2566,1.7608,0.23389,2.6413,0.23389,1.7608,0.2566,1.3353e+05
1.0143,0.28771,0.35322,0.2906,0.3454,0.2906,0.35322,0.28771,1241,1.0091,0.022764,0.30444,0.21939,0.0068406,0.21939,0.30444,0.022764,3084,1.0079,0.070341,0.16199,0.17193,0.44654,0.17193,0.16199,0.070341,2621,1.005,0.046189,0.082576,0.15911,0.22277,0.15911,0.082576,0.046189,10250,1.0021,0.026225,0.17962,0.037874,0.38808,0.037874,0.17962,0.026225,15030,1.0003,0.029751,0.20978,0.13582,0.51412,0.13582,0.20978,0.029751,35813,0.99719,0.0084814,0.13013,0.092411,0.67673,0.092411,0.13013,0.0084814,11620,0.99784,0.017518,0.41246,0.1076,0.065752,0.1076,0.41246,0.017518,19574,0.99926,0.10946,1.0127,0.13752,2.0542,0.13752,1.0127,0.10946,1.3071e+05
1.0133,0.45263,0.53428,0.76771,0.61244,0.76771,0.53428,0.45263,1302,1.0083,0.10682,0.3129,0.2279,0.45122,0.2279,0.3129,0.10682,3357,1.0075,0.08107,0.095047,0.43614,0.53232,0.43614,0.095047,0.08107,2975,1.0046,0.033149,0.13826,0.21612,0.03325,0.21612,0.13826,0.033149,11762,1.0019,0.015762,0.21145,0.14158,0.10813,0.14158,0.21145,0.015762,18694,1.0001,0.007526,0.12503,0.13949,0.47776,0.13949,0.12503,0.007526,36440,0.99744,0.026033,0.11189,0.081016,0.47192,0.081016,0.11189,0.026033,12314,0.99717,0.12557,0.45103,0.29181,1.1077,0.29181,0.45103,0.12557,17521,0.99922,0.15131,1.2468,0.65992,0.046703,0.65992,1.2468,0.15131,1.2639e+05
1.0205,0.13329,0.33127,0.13404,1.4511,0.13404,0.33127,0.13329,1816,1.0159,0.077143,0.36036,0.20006,0.31787,0.20006,0.36036,0.077143,3892,1.0111,0.012554,0.23012,0.32153,0.53844,0.32153,0.23012,0.012554,3742,1.0067,0.057729,0.15323,0.33587,0.11263,0.33587,0.15323,0.057729,13957,1.002,0.028682,0.1796,0.19506,0.092278,0.19506,0.1796,0.028682,29064,0.99954,0.015739,0.54676,0.033708,0.60087,0.033708,0.54676,0.015739,39118,0.9952,0.11801,0.24219,0.1083,0.40663,0.1083,0.24219,0.11801,12824,0.99507,0.077149,0.57315,0.32889,1.3768,0.32889,0.57315,0.077149,13730,0.99913,0.47381,0.66022,0.95729,1.248,0.95729,0.66022,0.47381,1.1516e+05
1.0174,0.21911,0.12418,0.52315,0.88183,0.52315,0.12418,0.21911,1792,1.0119,0.36309,0.28693,0.189,0.072526,0.189,0.28693,0.36309,3859,1.0088,0.09982,0.10473,0.19437,0.50734,0.19437,0.10473,0.09982,3551,1.0052,0.060662,0.16445,0.089405,0.23537,0.089405,0.16445,0.060662,12134,1.0018,0.084795,0.26722,0.089847,0.078511,0.089847,0.26722,0.084795,20170,1.0002,0.052921,0.61721,0.16218,0.66253,0.16218,0.61721,0.052921,33349,0.99683,0.049437,0.059899,0.13762,0.74066,0.13762,0.059899,0.049437,12525,0.99626,0.021724,0.64095,0.16518,1.525,0.16518,0.64095,0.021724,16750,0.9992,0.10841,2.2983,0.14427,2.704,0.14427,2.2983,0.10841,1.2599e+05
1.0161,0.056223,0.6337,0.44845,1.2307,0.44845,0.6337,0.056223,1371,1.0113,0.21901,0.41995,0.49818,0.034314,0.49818,0.41995,0.21901,3209,1.0085,0.064835,0.19505,0.53781,0.45807,0.53781,0.19505,0.064835,3003,1.0052,0.044884,0.40644,0.39065,0.12765,0.39065,0.40644,0.044884,11334,1.0018,0.050434,0.30671,0.35989,0.057356,0.35989,0.30671,0.050434,22378,1,0.036894,0.74029,0.32933,0.48609,0.32933,0.74029,0.036894,34807,0.99687,0.0018923,0.12037,0.037627,0.55234,0.037627,0.12037,0.0018923,11711,0.99702,0.14542,0.21379,0.56003,2.7641,0.56003,0.21379,0.14542,16774,0.99941,0.31652,3.6279,0.50592,3.0117,0.50592,3.6279,0.31652,1.2822e+05
1.0144,0.78255,0.88843,0.77575,0.68289,0.77575,0.88843,0.78255,727,1.0104,0.54385,0.11084,0.41608,0.60455,0.41608,0.11084,0.54385,2526,1.0076,0.17504,0.28165,0.76177,0.83678,0.76177,0.28165,0.17504,1866,1.0052,0.21527,0.31302,0.58324,0.40165,0.58324,0.31302,0.21527,9755,1.002,0.094892,0.37409,0.25442,0.35174,0.25442,0.37409,0.094892,15811,1.0006,0.049191,0.63406,0.31179,0.34982,0.31179,0.63406,0.049191,37437,0.99747,0.1496,0.19341,0.46557,0.15431,0.46557,0.19341,0.1496,10475,0.99783,0.1694,0.52726,0.19962,2.3626,0.19962,0.52726,0.1694,19369,0.9994,0.72295,3.1676,1.3466,1.362,1.3466,3.1676,0.72295,1.3525e+05
1.0137,1.0896,0.79851,0.53484,1.0672,0.53484,0.79851,1.0896,1094,1.0114,0.39621,0.2957,0.6305,0.58019,0.6305,0.2957,0.39621,3152,1.0072,0.060228,0.36697,0.24248,1.1435,0.24248,0.36697,0.060228,2306,1.0047,0.0095371,0.22229,0.10137,0.32891,0.10137,0.22229,0.0095371,10550,1.0021,0.010587,0.37887,0.1745,0.35935,0.1745,0.37887,0.010587,15507,1.0005,0.021963,0.78817,0.080205,0.69313,0.080205,0.78817,0.021963,35876,0.99787,0.069098,0.17754,0.038079,0.48097,0.038079,0.17754,0.069098,11614,0.99732,0.16664,0.56506,0.10544,1.1844,0.10544,0.56506,0.16664,18795,0.9991,0.31949,1.7301,0.42693,0.73798,0.42693,1.7301,0.31949,1.3139e+05
1.0145,0.068695,0.40907,0.55025,0.13869,0.55025,0.40907,0.068695,1294,1.0104,0.23396,0.33261,0.32771,0.0055126,0.32771,0.33261,0.23396,3094,1.0079,0.07561,0.26121,0.24671,0.86663,0.24671,0.26121,0.07561,2802,1.0052,0.069591,0.21917,0.20406,0.048016,0.20406,0.21917,0.069591,11820,1.0017,0.039364,0.32615,0.091055,0.31609,0.091055,0.32615,0.039364,23806,0.99995,0.026852,0.71767,0.13222,0.60813,0.13222,0.71767,0.026852,35556,0.99703,0.037684,0.096113,0.091148,0.037726,0.091148,0.096113,0.037684,11883,0.99713,0.096882,0.25353,0.16362,2.7112,0.16362,0.25353,0.096882,15605,0.99945,0.094132,2.4641,0.39699,2.0707,0.39699,2.4641,0.094132,1.2607e+05
1.0168,0.16389,0.82161,0.80806,0.22641,0.80806,0.82161,0.16389,1372,1.0133,0.38775,0.33363,0.45985,0.1966,0.45985,0.33363,0.38775,3081,1.0093,0.061206,0.067313,0.011392,1.1099,0.011392,0.067313,0.061206,2901,1.0058,0.037798,0.048209,0.12214,0.076838,0.12214,0.048209,0.037798,10964,1.002,0.065146,0.037134,0.20781,0.098992,0.20781,0.037134,0.065146,22937,1.0002,0.028643,0.76084,0.085114,0.55013,0.085114,0.76084,0.028643,35874,0.99669,0.03112,0.10957,0.23306,0.57148,0.23306,0.10957,0.03112,10730,0.99681,0.2005,0.38713,0.90991,3.2612,0.90991,0.38713,0.2005,14634,0.9993,0.47659,2.286,1.1443,3.0211,1.1443,2.286,0.47659,1.283e+05
1.0174,0.3164,0.090955,0.23885,0.73495,0.23885,0.090955,0.3164,2030,1.0122,0.36022,0.26267,0.14939,0.75441,0.14939,0.26267,0.36022,4016,1.0097,0.02871,0.11611,0.22928,0.82724,0.22928,0.11611,0.02871,3360,1.0058,0.084981,0.066775,0.18579,0.4615,0.18579,0.066775,0.084981,11050,1.002,0.072599,0.30685,0.2229,0.20353,0.2229,0.30685,0.072599,20349,1.0003,0.036658,0.65402,0.1556,0.37385,0.1556,0.65402,0.036658,34645,0.99643,0.02519,0.18618,0.039303,0.75986,0.039303,0.18618,0.02519,11491,0.99572,0.5131,0.62171,0.31887,1.5363,0.31887,0.62171,0.5131,14848,0.99901,0.11707,2.6087,0.80097,0.73467,0.80097,2.6087,0.11707,1.2533e+05
1.0178,0.18368,0.87244,0.37235,1.0166,0.37235,0.87244,0.18368,1403,1.012,0.19954,0.43634,0.24036,0.3827,0.24036,0.43634,0.19954,3492,1.0091,0.089801,0.24292,0.12895,1.1091,0.12895,0.24292,0.089801,3353,1.0057,0.055529,0.10282,0.40052,0.42219,0.40052,0.10282,0.055529,12730,1.0017,0.0373,0.26101,0.19218,0.51526,0.19218,0.26101,0.0373,25798,1,0.025626,0.44337,0.064301,0.35621,0.064301,0.44337,0.025626,35473,0.99602,0.076264,0.23171,0.53906,0.6985,0.53906,0.23171,0.076264,12378,0.99597,0.1688,0.49334,0.76797,1.9276,0.76797,0.49334,0.1688,13826,0.99934,0.28433,2.6357,0.51286,2.0321,0.51286,2.6357,0.28433,1.25e+05
1.018,0.23136,0.53175,0.025626,1.0435,0.025626,0.53175,0.23136,1626,1.0118,0.12637,0.17975,0.35995,0.07898,0.35995,0.17975,0.12637,3675,1.0096,0.070035,0.22461,0.31623,0.62139,0.31623,0.22461,0.070035,3695,1.0057,0.02234,0.12636,0.18946,0.079075,0.18946,0.12636,0.02234,13202,1.0017,0.032328,0.34999,0.28785,0.8335,0.28785,0.34999,0.032328,25914,0.99997,0.019821,0.21521,0.23287,0.66113,0.23287,0.21521,0.019821,35517,0.996,0.031232,0.3428,0.092078,0.18625,0.092078,0.3428,0.031232,12386,0.99584,0.11852,0.07897,0.2837,2.6801,0.2837,0.07897,0.11852,14086,0.99939,0.03561,2.3902,0.46936,2.4495,0.46936,2.3902,0.03561,1.2202e+05
1.0185,0.21201,0.62626,0.53832,0.17088,0.53832,0.62626,0.21201,2300,1.0121,0.19659,0.30377,0.066116,0.0055838,0.066116,0.30377,0.19659,4489,1.0094,0.059586,0.082539,0.044543,0.9462,0.044543,0.082539,0.059586,3934,1.006,0.041719,0.14234,0.17082,0.1347,0.17082,0.14234,0.041719,11964,1.0019,0.04268,0.13346,0.2163,0.27444,0.2163,0.13346,0.04268,21284,1.0002,0.0058645,0.42352,0.041567,0.55011,0.041567,0.42352,0.0058645,31453,0.99582,0.016818,0.1871,0.059557,0.53301,0.059557,0.1871,0.016818,12041,0.99519,0.026116,0.33333,0.12734,1.7309,0.12734,0.33333,0.026116,14865,0.99916,0.20571,2.5096,0.59754,3.1384,0.59754,2.5096,0.20571,1.2589e+05
1.0151,0.088127,0.24863,0.39898,0.68102,0.39898,0.24863,0.088127,1519,1.0109,0.20789,0.27024,0.42187,0.14624,0.42187,0.27024,0.20789,3520,1.0078,0.11813,0.27887,0.17056,0.5784,0.17056,0.27887,0.11813,3070,1.0052,0.038376,0.23921,0.039425,0.12334,0.039425,0.23921,0.038376,11332,1.0018,0.070725,0.27488,0.091956,0.0071573,0.091956,0.27488,0.070725,20173,1.0005,0.065068,0.60857,0.087208,0.51796,0.087208,0.60857,0.065068,33770,0.99691,0.013354,0.12077,0.091217,0.99471,0.091217,0.12077,0.013354,11870,0.9966,0.12488,0.57019,0.2035,1.4946,0.2035,0.57019,0.12488,15676,0.99915,0.098187,1.0689,0.21931,1.9916,0.21931,1.0689,0.098187,1.2995e+05
1.0133,0.29192,0.48634,1.0138,0.32131,1.0138,0.48634,0.29192,1446,1.0094,0.36779,0.21364,0.24964,0.040055,0.24964,0.21364,0.36779,3589,1.0082,0.11464,0.21111,0.039012,0.27151,0.039012,0.21111,0.11464,2976,1.0051,0.058868,0.078762,0.064676,0.26126,0.064676,0.078762,0.058868,10776,1.002,0.069425,0.14418,0.072135,0.14515,0.072135,0.14418,0.069425,16167,1.0007,0.065572,0.53685,0.35119,0.51647,0.35119,0.53685,0.065572,33281,0.9971,0.043424,0.10135,0.075431,0.76043,0.075431,0.10135,0.043424,11439,0.99704,0.17701,0.41313,0.2485,1.765,0.2485,0.41313,0.17701,17077,0.99927,0.081149,2.6873,0.24331,2.3499,0.24331,2.6873,0.081149,1.3291e+05
1.0168,0.34324,0.17964,0.47328,0.91115,0.47328,0.17964,0.34324,1397,1.013,0.14983,0.48466,0.16629,0.32333,0.16629,0.48466,0.14983,3237,1.0102,0.15208,0.15814,0.14657,0.70419,0.14657,0.15814,0.15208,3243,1.0064,0.045741,0.23409,0.17757,0.17306,0.17757,0.23409,0.045741,14054,1.0017,0.02889,0.34705,0.24457,0.17663,0.24457,0.34705,0.02889,30688,1.0001,0.02657,0.49177,0.053455,0.19938,0.053455,0.49177,0.02657,39437,0.99572,0.041732,0.20758,0.13893,0.66484,0.13893,0.20758,0.041732,12431,0.99554,0.14291,0.57617,0.23314,1.6736,0.23314,0.57617,0.14291,13306,0.99937,0.16488,3.8507,0.33188,1.8233,0.33188,3.8507,0.16488,1.1704e+05
1.0154,0.20037,0.82975,0.61644,1.2814,0.61644,0.82975,0.20037,1386,1.0114,0.049011,0.48546,0.21858,0.0014841,0.21858,0.48546,0.049011,3546,1.0095,0.011748,0.37946,0.078058,0.23018,0.078058,0.37946,0.011748,3382,1.0062,0.066809,0.35461,0.26184,0.22256,0.26184,0.35461,0.066809,13617,1.0017,0.023932,0.62242,0.094823,0.90872,0.094823,0.62242,0.023932,27569,0.99993,0.0063028,0.36791,0.1579,1.0879,0.1579,0.36791,0.0063028,37583,0.99598,0.054504,0.26522,0.062464,0.2388,0.062464,0.26522,0.054504,12326,0.99596,0.14243,0.45512,0.50788,1.931,0.50788,0.45512,0.14243,14284,0.99946,0.090564,2.5421,0.23659,1.8961,0.23659,2.5421,0.090564,1.2001e+05
1.0208,0.22122,0.60712,0.90019,0.66037,0.90019,0.60712,0.22122,1747,1.0154,0.19331,0.15965,0.41383,0.54697,0.41383,0.15965,0.19331,3977,1.0112,0.09813,0.16138,0.067986,0.24184,0.067986,0.16138,0.09813,4129,1.0065,0.046809,0.20542,0.1468,0.19342,0.1468,0.20542,0.046809,15152,1.0017,0.025354,0.30482,0.096218,1.0864,0.096218,0.30482,0.025354,31545,0.99953,0.028448,0.38954,0.25884,1.3026,0.25884,0.38954,0.028448,39606,0.99483,0.021914,0.18081,0.063824,0.17628,0.063824,0.18081,0.021914,12835,0.99375,0.068933,0.16225,0.095913,2.4603,0.095913,0.16225,0.068933,11877,0.99938,0.053327,0.4561,0.21656,3.8057,0.21656,0.4561,0.053327,1.1248e+05
1.0188,0.39717,0.65856,1.294,0.59803,1.294,0.65856,0.39717,2091,1.0148,0.078429,0.49665,0.62503,0.3097,0.62503,0.49665,0.078429,4463,1.0102,0.10569,0.32862,0.12868,0.48344,0.12868,0.32862,0.10569,4332,1.0062,0.027893,0.21229,0.17087,0.0081259,0.17087,0.21229,0.027893,14688,1.0017,0.044964,0.39291,0.036797,0.68078,0.036797,0.39291,0.044964,30299,0.99972,0.064225,0.26539,0.3319,1.2465,0.3319,0.26539,0.064225,36447,0.99536,0.059299,0.25398,0.078997,0.07187,0.078997,0.25398,0.059299,12903,0.99406,0.33498,0.43851,0.28527,2.4951,0.28527,0.43851,0.33498,13046,0.99922,0.1347,1.5918,0.38512,3.2655,0.38512,1.5918,0.1347,1.1409e+05
1.0181,0.26721,0.68772,0.72095,0.56335,0.72095,0.68772,0.26721,2820,1.0142,0.1511,0.12989,0.45923,0.44223,0.45923,0.12989,0.1511,5157,1.0106,0.02122,0.046002,0.35567,0.12282,0.35567,0.046002,0.02122,4550,1.0066,0.04512,0.03552,0.27998,0.057276,0.27998,0.03552,0.04512,13633,1.0018,0.066496,0.3081,0.10533,0.72973,0.10533,0.3081,0.066496,27534,0.99979,0.061018,0.078008,0.19482,0.95486,0.19482,0.078008,0.061018,33968,0.99543,0.020036,0.31077,0.16483,0.051031,0.16483,0.31077,0.020036,12523,0.99435,0.059288,0.27953,0.082524,2.8389,0.082524,0.27953,0.059288,13550,0.99922,0.40115,0.78759,0.38779,3.2899,0.38779,0.78759,0.40115,1.1601e+05
1.0163,0.26568,0.057229,0.44136,0.86902,0.44136,0.057229,0.26568,1485,1.0118,0.066462,0.54397,0.27791,0.68707,0.27791,0.54397,0.066462,3644,1.0091,0.10418,0.24804,0.35324,0.77149,0.35324,0.24804,0.10418,3227,1.0055,0.040517,0.21562,0.27065,0.40591,0.27065,0.21562,0.040517,11556,1.0021,0.039079,0.3296,0.24103,0.1019,0.24103,0.3296,0.039079,20632,1.0003,0.018833,0.60267,0.062092,0.40511,0.062092,0.60267,0.018833,34671,0.99654,0.052933,0.10228,0.063451,0.71049,0.063451,0.10228,0.052933,11697,0.99712,0.035025,0.25785,0.21261,2.2411,0.21261,0.25785,0.035025,18688,0.99916,0.33968,2.8539,0.94481,1.1759,0.94481,2.8539,0.33968,1.2473e+05
1.019,0.28022,0.56873,0.70016,1.3593,0.70016,0.56873,0.28022,1707,1.0129,0.1499,0.63757,0.33349,0.37625,0.33349,0.63757,0.1499,3667,1.0105,0.096717,0.21034,0.19376,1.0184,0.19376,0.21034,0.096717,3619,1.0065,0.05335,0.24395,0.24969,0.35605,0.24969,0.24395,0.05335,13085,1.0019,0.020662,0.34181,0.11048,0.0052444,0.11048,0.34181,0.020662,25052,0.99978,0.016809,0.5836,0.017236,0.50482,0.017236,0.5836,0.016809,36080,0.99566,0.098014,0.16669,0.1664,0.30422,0.1664,0.16669,0.098014,12083,0.99592,0.25607,0.76919,0.39518,1.8988,0.39518,0.76919,0.25607,15113,0.9991,0.42669,2.227,0.59171,0.79776,0.59171,2.227,0.42669,1.2078e+05
1.0192,0.093,0.59624,0.50452,0.60002,0.50452,0.59624,0.093,1396,1.0117,0.020724,0.45578,0.53502,0.2735,0.53502,0.45578,0.020724,3058,1.0099,0.056671,0.048615,0.29829,0.80301,0.29829,0.048615,0.056671,3261,1.0059,0.0089387,0.10436,0.23951,0.060961,0.23951,0.10436,0.0089387,12109,1.0016,0.021217,0.164,0.26413,0.34102,0.26413,0.164,0.021217,25949,1.0001,0.0045352,0.64146,0.30496,0.30808,0.30496,0.64146,0.0045352,36902,0.99636,0.021467,0.091241,0.083878,0.28184,0.083878,0.091241,0.021467,12105,0.99657,0.069709,0.40351,0.38019,1.8935,0.38019,0.40351,0.069709,15149,0.99925,0.29823,0.75124,0.30085,1.2752,0.30085,0.75124,0.29823,1.2264e+05
1.0211,0.13688,1.1388,0.12026,0.70508,0.12026,1.1388,0.13688,2708,1.0137,0.26043,0.55827,0.11189,0.11308,0.11189,0.55827,0.26043,4938,1.0112,0.036495,0.3258,0.088641,1.1382,0.088641,0.3258,0.036495,4269,1.007,0.0072696,0.12023,0.14071,0.044956,0.14071,0.12023,0.0072696,12919,1.0019,0.0083765,0.15305,0.086845,0.55184,0.086845,0.15305,0.0083765,28348,0.99952,0.02127,0.16329,0.056259,0.57603,0.056259,0.16329,0.02127,33035,0.99503,0.031012,0.25042,0.077008,0.53726,0.077008,0.25042,0.031012,12716,0.99432,0.18339,0.43776,0.17535,1.6124,0.17535,0.43776,0.18339,14174,0.99891,0.16777,0.31041,0.69119,1.5459,0.69119,0.31041,0.16777,1.1629e+05
1.0346,0.34107,0.80606,0.30139,0.1808,0.30139,0.80606,0.34107,2143,1.0233,0.22986,0.15463,0.11502,0.014206,0.11502,0.15463,0.22986,4146,1.019,0.054308,0.15773,0.060153,0.26817,0.060153,0.15773,0.054308,4306,1.01,0.026956,0.10465,0.24754,0.17579,0.24754,0.10465,0.026956,12629,1.0018,0.021533,0.098309,0.11854,0.57046,0.11854,0.098309,0.021533,24897,0.99965,0.031953,0.5324,0.065722,0.7894,0.065722,0.5324,0.031953,33623,0.99328,0.059988,0.19287,0.12182,0.11938,0.12182,0.19287,0.059988,11114,0.99323,0.10091,0.034177,0.38446,2.4348,0.38446,0.034177,0.10091,14248,0.99889,0.17185,1.3235,0.20575,1.9992,0.20575,1.3235,0.17185,1.2175e+05
1.0144,0.19843,1.2106,0.67605,0.33125,0.67605,1.2106,0.19843,2190,1.0103,0.12793,0.73214,0.24165,0.20269,0.24165,0.73214,0.12793,4713,1.0104,0.088448,0.41667,0.29402,0.43064,0.29402,0.41667,0.088448,3897,1.0066,0.018372,0.17684,0.16856,0.33401,0.16856,0.17684,0.018372,12600,1.0013,0.033724,0.1972,0.071408,0.71826,0.071408,0.1972,0.033724,26853,0.99999,0.009176,0.3763,0.10592,1.0694,0.10592,0.3763,0.009176,34149,0.99575,0.15296,0.4011,0.12737,0.25448,0.12737,0.4011,0.15296,11371,0.9958,0.053298,0.34068,0.26032,3.1738,0.26032,0.34068,0.053298,14454,0.99924,0.099815,1.8717,0.16833,3.2031,0.16833,1.8717,0.099815,1.1743e+05
