1.0211,0.30231,0.8291,0.3626,0.86956,0.3626,0.8291,0.30231,3876,1.0163,0.32662,0.72361,0.18608,0.045688,0.18608,0.72361,0.32662,7143,1.0125,0.085276,0.26188,0.10214,0.36238,0.10214,0.26188,0.085276,5989,1.0072,0.046137,0.25408,0.099964,0.62107,0.099964,0.25408,0.046137,13699,1.0023,0.019318,0.15369,0.095094,0.81389,0.095094,0.15369,0.019318,20768,0.99975,0.027715,0.3489,0.037674,1.5159,0.037674,0.3489,0.027715,29295,0.9934,0.052143,0.16401,0.17142,0.27245,0.17142,0.16401,0.052143,12473,0.99069,0.03592,0.4983,0.24686,0.52908,0.24686,0.4983,0.03592,14781,0.99827,0.021481,1.6189,0.1718,0.19702,0.1718,1.6189,0.021481,1.1445e+05
1.0151,0.031589,0.26653,0.27849,0.5604,0.27849,0.26653,0.031589,3219,1.0121,0.14201,0.24773,0.44023,1.2937,0.44023,0.24773,0.14201,6233,1.011,0.094345,0.26161,0.13457,0.20863,0.13457,0.26161,0.094345,4443,1.0069,0.02224,0.27086,0.18422,0.99514,0.18422,0.27086,0.02224,11477,1.0026,0.075994,0.23385,0.3277,0.99324,0.3277,0.23385,0.075994,19308,1.0001,0.017306,0.5242,0.14697,1.5904,0.14697,0.5242,0.017306,30285,0.99563,0.037733,0.18637,0.1934,1.3607,0.1934,0.18637,0.037733,12097,0.99407,0.089377,0.85532,0.28223,1.2484,0.28223,0.85532,0.089377,16193,0.99865,0.20931,1.9033,0.10748,1.1442,0.10748,1.9033,0.20931,1.1905e+05
1.0138,0.013424,0.29679,0.60596,0.063199,0.60596,0.29679,0.013424,3110,1.0109,0.15942,0.37099,0.21918,1.001,0.21918,0.37099,0.15942,6620,1.0083,0.045929,0.064784,0.062787,0.14677,0.062787,0.064784,0.045929,4708,1.0057,0.088352,0.14019,0.058291,0.058117,0.058291,0.14019,0.088352,12055,1.0024,0.061815,0.11341,0.099036,0.47574,0.099036,0.11341,0.061815,17300,1.0001,0.0032898,0.49447,0.13527,1.3476,0.13527,0.49447,0.0032898,28227,0.99632,0.03099,0.13179,0.092642,0.031297,0.092642,0.13179,0.03099,12599,0.99485,0.11355,0.67144,0.073923,0.93556,0.073923,0.67144,0.11355,16825,0.99863,0.038345,1.0262,0.18582,1.0037,0.18582,1.0262,0.038345,1.1953e+05
1.0168,0.2943,0.38435,0.3066,0.030743,0.3066,0.38435,0.2943,3740,1.013,0.16605,0.26607,0.3844,1.4668,0.3844,0.26607,0.16605,7048,1.0094,0.051072,0.13767,0.17956,0.28225,0.17956,0.13767,0.051072,6005,1.006,0.070963,0.33004,0.076498,1.0155,0.076498,0.33004,0.070963,13624,1.0021,0.048183,0.27204,0.013217,1.1752,0.013217,0.27204,0.048183,20271,0.99952,0.014564,0.61728,0.13557,1.5695,0.13557,0.61728,0.014564,28756,0.99503,0.02023,0.14339,0.12863,1.6253,0.12863,0.14339,0.02023,12682,0.99208,0.03718,0.63181,0.05697,1.1077,0.05697,0.63181,0.03718,14311,0.99862,0.099337,0.76855,0.27205,1.1844,0.27205,0.76855,0.099337,1.165e+05
1.0196,0.10009,0.4195,0.21386,0.057801,0.21386,0.4195,0.10009,4167,1.0152,0.23365,0.12592,0.31388,1.6023,0.31388,0.12592,0.23365,7107,1.0111,0.089173,0.19825,0.049025,0.14338,0.049025,0.19825,0.089173,6769,1.0068,0.10118,0.17451,0.17816,0.80397,0.17816,0.17451,0.10118,14649,1.0022,0.0506,0.13927,0.38518,1.2311,0.38518,0.13927,0.0506,20879,0.99946,0.010669,0.48489,0.088789,1.6951,0.088789,0.48489,0.010669,27646,0.99356,0.05187,0.060633,0.17412,1.2394,0.17412,0.060633,0.05187,12737,0.99024,0.036681,0.49625,0.13637,0.82282,0.13637,0.49625,0.036681,14155,0.99841,0.038169,0.81363,0.40252,1.6318,0.40252,0.81363,0.038169,1.1498e+05
1.0184,0.10903,0.2239,0.34905,0.98071,0.34905,0.2239,0.10903,3439,1.0133,0.16844,0.23921,0.3792,1.597,0.3792,0.23921,0.16844,6548,1.0108,0.053481,0.19077,0.41186,0.4246,0.41186,0.19077,0.053481,6157,1.0064,0.03395,0.36514,0.24633,1.2291,0.24633,0.36514,0.03395,14723,1.0022,0.027832,0.24517,0.21002,1.5909,0.21002,0.24517,0.027832,22228,0.99962,0.017666,0.47369,0.31327,1.6763,0.31327,0.47369,0.017666,30662,0.99468,0.017518,0.17887,0.12985,1.8838,0.12985,0.17887,0.017518,13643,0.99179,0.024684,0.70249,0.07515,1.0879,0.07515,0.70249,0.024684,14046,0.99874,0.072041,0.66146,0.065288,1.8269,0.065288,0.66146,0.072041,1.1371e+05
1.018,0.30349,0.26783,0.13994,0.53875,0.13994,0.26783,0.30349,3842,1.0134,0.30483,0.27776,0.27126,1.2012,0.27126,0.27776,0.30483,7002,1.0091,0.060091,0.16088,0.26743,0.29125,0.26743,0.16088,0.060091,6214,1.006,0.098233,0.19768,0.4139,0.9006,0.4139,0.19768,0.098233,14088,1.0021,0.052943,0.18206,0.32685,1.4142,0.32685,0.18206,0.052943,21768,0.99972,0.023083,0.53011,0.17651,1.6229,0.17651,0.53011,0.023083,29792,0.9947,0.060197,0.19338,0.39094,1.1458,0.39094,0.19338,0.060197,12917,0.99154,0.046842,0.59924,0.14012,0.94081,0.14012,0.59924,0.046842,14516,0.9986,0.13265,0.63611,0.11194,1.3404,0.11194,0.63611,0.13265,1.1368e+05
1.0217,0.20806,0.44363,0.058564,0.68375,0.058564,0.44363,0.20806,4529,1.0155,0.25469,0.019047,0.12175,0.95908,0.12175,0.019047,0.25469,7861,1.0109,0.013435,0.21738,0.078469,0.074344,0.078469,0.21738,0.013435,7084,1.0066,0.073369,0.10237,0.05334,0.51042,0.05334,0.10237,0.073369,14406,1.0021,0.049608,0.048542,0.058162,1.0645,0.058162,0.048542,0.049608,20307,0.99929,0.015044,0.31717,0.12634,1.671,0.12634,0.31717,0.015044,25980,0.99344,0.03874,0.075272,0.04529,0.57635,0.04529,0.075272,0.03874,12949,0.98997,0.005713,0.3414,0.18059,0.88582,0.18059,0.3414,0.005713,14937,0.99828,0.1642,0.21603,0.36463,1.2982,0.36463,0.21603,0.1642,1.1451e+05
1.0161,0.22878,0.7426,0.60484,0.17133,0.60484,0.7426,0.22878,2835,1.0117,0.16884,0.46772,0.38923,1.2503,0.38923,0.46772,0.16884,5853,1.0094,0.12978,0.18671,0.14695,0.3895,0.14695,0.18671,0.12978,5198,1.0056,0.04567,0.22734,0.11015,1.2664,0.11015,0.22734,0.04567,13603,1.0021,0.058135,0.25143,0.30116,1.4525,0.30116,0.25143,0.058135,21287,0.9999,0.035733,0.49343,0.17488,1.8228,0.17488,0.49343,0.035733,32089,0.99572,0.02805,0.1342,0.26211,1.0008,0.26211,0.1342,0.02805,13348,0.99384,0.1748,0.6984,0.31702,1.3448,0.31702,0.6984,0.1748,14774,0.99891,0.22393,1.4604,0.50057,0.98111,0.50057,1.4604,0.22393,1.1753e+05
1.016,0.11499,0.25197,0.43406,0.39418,0.43406,0.25197,0.11499,3147,1.012,0.12573,0.52416,0.43421,1.1779,0.43421,0.52416,0.12573,6262,1.0091,0.021622,0.072923,0.07023,0.57645,0.07023,0.072923,0.021622,5601,1.0057,0.041285,0.46335,0.24782,1.0225,0.24782,0.46335,0.041285,14235,1.0021,0.025264,0.47064,0.23128,1.3924,0.23128,0.47064,0.025264,22079,0.99982,0.0075747,0.62578,0.12106,1.4416,0.12106,0.62578,0.0075747,30463,0.99565,0.035675,0.27232,0.037182,0.90635,0.037182,0.27232,0.035675,13395,0.99355,0.050914,0.75959,0.13635,1.1026,0.13635,0.75959,0.050914,15489,0.99888,0.15746,0.79489,0.54605,1.9299,0.54605,0.79489,0.15746,1.1434e+05
1.0204,0.07937,0.3186,0.14147,1.0818,0.14147,0.3186,0.07937,3883,1.0153,0.13471,0.079357,0.13766,1.6191,0.13766,0.079357,0.13471,6588,1.0115,0.03215,0.20572,0.17786,0.41617,0.17786,0.20572,0.03215,6156,1.0071,0.04736,0.22042,0.099225,1.0278,0.099225,0.22042,0.04736,13942,1.0024,0.010009,0.34955,0.081653,1.1893,0.081653,0.34955,0.010009,20151,0.99973,0.011114,0.52884,0.094003,1.4701,0.094003,0.52884,0.011114,30052,0.99419,0.040341,0.017549,0.22011,1.6121,0.22011,0.017549,0.040341,13793,0.99168,0.019915,0.55009,0.022578,1.3028,0.022578,0.55009,0.019915,15832,0.99845,0.074767,1.3337,0.4116,1.1156,0.4116,1.3337,0.074767,1.1326e+05
1.029,0.059982,0.40366,0.30055,1.5803,0.30055,0.40366,0.059982,1889,1.0138,0.2637,0.45775,0.16064,0.76755,0.16064,0.45775,0.2637,3586,1.0112,0.083259,0.1879,0.22289,0.24963,0.22289,0.1879,0.083259,2525,1.0061,0.028812,0.1523,0.2344,0.19881,0.2344,0.1523,0.028812,8945,1.0021,0.081245,0.58277,0.24424,0.66052,0.24424,0.58277,0.081245,13385,1.0003,0.009877,0.64059,0.074576,1.4261,0.074576,0.64059,0.009877,34657,0.9962,0.067013,0.25409,0.084316,0.18908,0.084316,0.25409,0.067013,10590,0.99634,0.031463,0.57706,0.25353,1.017,0.25353,0.57706,0.031463,18394,0.99899,0.082978,1.2128,0.1577,0.65018,0.1577,1.2128,0.082978,1.3596e+05
1.0129,0.088438,0.16101,0.21916,0.74584,0.21916,0.16101,0.088438,2572,1.0093,0.18348,0.33033,0.37925,0.464,0.37925,0.33033,0.18348,5450,1.008,0.011921,0.1479,0.18917,0.33227,0.18917,0.1479,0.011921,4390,1.005,0.040793,0.090076,0.13093,0.33532,0.13093,0.090076,0.040793,11808,1.0021,0.052672,0.29014,0.088817,0.1796,0.088817,0.29014,0.052672,17463,1.0002,0.021515,0.11448,0.035495,1.1201,0.035495,0.11448,0.021515,31883,0.99613,0.055233,0.16908,0.3023,0.26308,0.3023,0.16908,0.055233,12794,0.996,0.12101,0.65395,0.13701,1.0899,0.13701,0.65395,0.12101,15625,0.99905,0.31223,0.25129,0.37594,3.126,0.37594,0.25129,0.31223,1.2144e+05
1.0193,0.17459,0.65089,0.16357,0.14102,0.16357,0.65089,0.17459,3387,1.0125,0.16635,0.36814,0.024386,0.15533,0.024386,0.36814,0.16635,6418,1.0099,0.052012,0.21347,0.16804,0.55035,0.16804,0.21347,0.052012,5572,1.006,0.0098372,0.17474,0.039106,0.020563,0.039106,0.17474,0.0098372,13035,1.002,0.033324,0.21536,0.071782,0.0045764,0.071782,0.21536,0.033324,18851,0.99971,0.024387,0.095236,0.12077,0.67993,0.12077,0.095236,0.024387,29626,0.99498,0.014523,0.15527,0.073659,0.35021,0.073659,0.15527,0.014523,12720,0.99401,0.027014,0.34692,0.17811,0.41817,0.17811,0.34692,0.027014,15487,0.99865,0.13501,1.1267,0.26589,0.67886,0.26589,1.1267,0.13501,1.1832e+05
1.0216,0.10677,0.41911,0.074583,0.40511,0.074583,0.41911,0.10677,4078,1.0135,0.050382,0.26866,0.27529,0.22794,0.27529,0.26866,0.050382,6438,1.01,0.057385,0.20826,0.080316,0.025587,0.080316,0.20826,0.057385,6442,1.006,0.029667,0.18608,0.10485,0.44056,0.10485,0.18608,0.029667,14338,1.0017,0.031704,0.25066,0.028722,0.78116,0.028722,0.25066,0.031704,22218,0.9992,0.0098235,0.038828,0.067669,1.2196,0.067669,0.038828,0.0098235,29514,0.99447,0.048677,0.099899,0.24875,0.13595,0.24875,0.099899,0.048677,14357,0.993,0.031106,0.23607,0.10713,0.63627,0.10713,0.23607,0.031106,15216,0.99878,0.090714,0.19867,0.2571,1.2836,0.2571,0.19867,0.090714,1.1303e+05
1.0159,0.55655,0.45828,0.071183,0.52501,0.071183,0.45828,0.55655,3190,1.0118,0.49387,0.25962,0.42945,0.33549,0.42945,0.25962,0.49387,6780,1.0084,0.036063,0.24235,0.17171,0.17833,0.17171,0.24235,0.036063,5320,1.0052,0.072785,0.13145,0.16198,0.26689,0.16198,0.13145,0.072785,12819,1.0021,0.065376,0.075083,0.31356,0.90826,0.31356,0.075083,0.065376,18595,1.0002,0.062335,0.27109,0.2997,1.5894,0.2997,0.27109,0.062335,29586,0.99585,0.042648,0.24755,0.048086,0.15907,0.048086,0.24755,0.042648,12926,0.99396,0.11264,0.27098,0.21147,0.8475,0.21147,0.27098,0.11264,15731,0.99857,0.099209,0.51155,0.46278,1.1169,0.46278,0.51155,0.099209,1.1701e+05
1.0223,0.11,0.66225,0.16965,0.18025,0.16965,0.66225,0.11,4632,1.014,0.031333,0.58245,0.02456,0.097169,0.02456,0.58245,0.031333,7779,1.0119,0.0075067,0.31404,0.07398,0.19886,0.07398,0.31404,0.0075067,6758,1.0073,0.011423,0.20296,0.02885,0.10137,0.02885,0.20296,0.011423,13231,1.0022,0.0067371,0.31169,0.05191,0.21255,0.05191,0.31169,0.0067371,18862,0.99902,0.0068707,0.26911,0.010281,0.62505,0.010281,0.26911,0.0068707,27439,0.99296,0.012398,0.27384,0.055142,0.1285,0.055142,0.27384,0.012398,13015,0.99277,0.024987,0.68144,0.11982,0.15194,0.11982,0.68144,0.024987,15833,0.99864,0.049134,1.5895,0.15505,0.90479,0.15505,1.5895,0.049134,1.1508e+05
1.0176,0.094796,0.51517,0.082986,0.057487,0.082986,0.51517,0.094796,3243,1.0108,0.047424,0.47003,0.026472,0.3786,0.026472,0.47003,0.047424,6533,1.0095,0.046245,0.21369,0.15189,0.22887,0.15189,0.21369,0.046245,5655,1.0057,0.033451,0.16508,0.18441,0.034253,0.18441,0.16508,0.033451,13368,1.0018,0.013631,0.24194,0.069823,0.079711,0.069823,0.24194,0.013631,20065,0.99943,0.0066509,0.21029,0.051901,0.568,0.051901,0.21029,0.0066509,30275,0.9952,0.047937,0.20646,0.13483,0.01702,0.13483,0.20646,0.047937,13574,0.99507,0.042846,0.45131,0.055284,0.085602,0.055284,0.45131,0.042846,16198,0.99895,0.1108,1.0879,0.13155,1.899,0.13155,1.0879,0.1108,1.1555e+05
1.0151,0.11622,0.82757,0.1507,0.12498,0.1507,0.82757,0.11622,3127,1.0128,0.17062,0.25117,0.62313,1.9271,0.62313,0.25117,0.17062,6600,1.0102,0.032881,0.19931,0.18962,0.57006,0.18962,0.19931,0.032881,5336,1.0061,0.11399,0.29807,0.15323,0.55307,0.15323,0.29807,0.11399,12992,1.0023,0.039223,0.29974,0.14117,1.4204,0.14117,0.29974,0.039223,20325,1.0003,0.032764,0.41431,0.30087,1.5476,0.30087,0.41431,0.032764,30561,0.99517,0.05716,0.20649,0.32074,1.1953,0.32074,0.20649,0.05716,12465,0.99228,0.04941,0.62731,0.004988,0.94195,0.004988,0.62731,0.04941,15360,0.9986,0.1319,0.9552,0.1002,1.6073,0.1002,0.9552,0.1319,1.1616e+05
1.0204,0.20697,0.56822,0.43968,0.32451,0.43968,0.56822,0.20697,4563,1.0134,0.24113,0.16428,0.1493,0.9051,0.1493,0.16428,0.24113,7275,1.0102,0.024115,0.21473,0.1474,0.020766,0.1474,0.21473,0.024115,6410,1.0064,0.081587,0.10386,0.11786,0.47688,0.11786,0.10386,0.081587,13347,1.0018,0.069711,0.1012,0.050225,0.73703,0.050225,0.1012,0.069711,20330,0.99918,0.0062094,0.38201,0.13889,1.442,0.13889,0.38201,0.0062094,26975,0.99414,0.029136,0.064306,0.025933,0.67551,0.025933,0.064306,0.029136,12704,0.99162,0.023172,0.24958,0.28502,1.64,0.28502,0.24958,0.023172,14683,0.99854,0.16464,0.36797,0.33603,1.9251,0.33603,0.36797,0.16464,1.166e+05
1.0145,0.044654,0.25344,0.11867,0.4214,0.11867,0.25344,0.044654,2980,1.0097,0.081815,0.24945,0.093448,0.064312,0.093448,0.24945,0.081815,5714,1.008,0.029878,0.19753,0.080239,0.0048535,0.080239,0.19753,0.029878,5157,1.0051,0.029115,0.020348,0.12306,0.24026,0.12306,0.020348,0.029115,12708,1.002,0.0026941,0.13113,0.085947,0.81464,0.085947,0.13113,0.0026941,18453,0.99984,0.0088012,0.13252,0.014896,0.93528,0.014896,0.13252,0.0088012,30789,0.99635,0.016901,0.12397,0.052423,0.27581,0.052423,0.12397,0.016901,13047,0.99538,0.029047,0.27026,0.12173,0.24552,0.12173,0.27026,0.029047,15809,0.99901,0.068272,0.70861,0.045951,0.12007,0.045951,0.70861,0.068272,1.2025e+05
1.0209,0.12665,0.77653,0.15152,0.73959,0.15152,0.77653,0.12665,4552,1.0137,0.047118,0.68447,0.052644,0.16921,0.052644,0.68447,0.047118,7761,1.0116,0.014618,0.36031,0.081287,0.41802,0.081287,0.36031,0.014618,6570,1.0069,0.013649,0.27231,0.055502,0.05193,0.055502,0.27231,0.013649,12973,1.0021,0.011602,0.4564,0.042069,0.32871,0.042069,0.4564,0.011602,17787,0.99953,0.01251,0.30457,0.079514,0.60312,0.079514,0.30457,0.01251,27111,0.99365,0.022504,0.39225,0.03427,0.028518,0.03427,0.39225,0.022504,12793,0.99329,0.0067127,0.8101,0.058526,0.11473,0.058526,0.8101,0.0067127,15625,0.99852,0.10175,1.3064,0.24313,1.2873,0.24313,1.3064,0.10175,1.1646e+05
1.0285,0.14688,0.31218,0.10749,0.50841,0.10749,0.31218,0.14688,4333,1.0153,0.056945,0.39473,0.11021,0.48403,0.11021,0.39473,0.056945,6230,1.012,0.029506,0.13962,0.1012,0.36561,0.1012,0.13962,0.029506,5934,1.0066,0.032674,0.086937,0.045764,0.0057087,0.045764,0.086937,0.032674,13443,1.0017,0.0044147,0.23867,0.031784,0.59131,0.031784,0.23867,0.0044147,21412,0.99934,0.0053715,0.12767,0.10597,0.51584,0.10597,0.12767,0.0053715,30302,0.99381,0.037214,0.20683,0.078118,0.0069813,0.078118,0.20683,0.037214,13876,0.99284,0.15893,0.41096,0.13584,0.2517,0.13584,0.41096,0.15893,15402,0.99857,0.077831,0.84561,0.22546,0.4174,0.22546,0.84561,0.077831,1.1491e+05
1.0288,0.091713,0.39797,0.33236,0.22122,0.33236,0.39797,0.091713,3645,1.0133,0.087243,0.48551,0.057782,0.031198,0.057782,0.48551,0.087243,6360,1.0102,0.078263,0.17086,0.33168,0.49358,0.33168,0.17086,0.078263,5239,1.0056,0.038804,0.14169,0.012355,0.18793,0.012355,0.14169,0.038804,11754,1.0016,0.011525,0.38359,0.14837,0.16204,0.14837,0.38359,0.011525,17205,0.99943,0.015174,0.3143,0.031938,0.28863,0.031938,0.3143,0.015174,27372,0.99457,0.043851,0.13663,0.040238,0.33414,0.040238,0.13663,0.043851,11578,0.99384,0.049568,0.57533,0.16272,0.39498,0.16272,0.57533,0.049568,14846,0.99881,0.16624,1.4072,0.056361,1.0543,0.056361,1.4072,0.16624,1.2641e+05
1.0206,0.10924,0.65309,0.1033,0.24127,0.1033,0.65309,0.10924,3694,1.0142,0.17769,0.53169,0.18256,0.38647,0.18256,0.53169,0.17769,6775,1.0122,0.0057527,0.29284,0.083045,0.28543,0.083045,0.29284,0.0057527,6568,1.0072,0.046334,0.12399,0.12496,0.1086,0.12496,0.12399,0.046334,13963,1.0024,0.039451,0.28589,0.073301,0.064218,0.073301,0.28589,0.039451,19552,0.99945,0.023854,0.035048,0.12236,1.0628,0.12236,0.035048,0.023854,30653,0.99309,0.029316,0.14632,0.14362,0.0045656,0.14362,0.14632,0.029316,12755,0.99219,0.05859,0.17374,0.087263,0.37858,0.087263,0.17374,0.05859,15123,0.99822,0.11918,0.43978,0.11718,1.2702,0.11718,0.43978,0.11918,1.1398e+05
1.0177,0.044026,0.62602,0.093718,0.21394,0.093718,0.62602,0.044026,3464,1.0134,0.017235,0.25194,0.22732,1.1145,0.22732,0.25194,0.017235,7062,1.0107,0.028049,0.2937,0.17336,0.33259,0.17336,0.2937,0.028049,5880,1.0068,0.036693,0.15353,0.053705,0.27094,0.053705,0.15353,0.036693,13827,1.0024,0.017662,0.26449,0.12894,0.76075,0.12894,0.26449,0.017662,20416,0.99939,0.0088346,0.07364,0.074103,1.3132,0.074103,0.07364,0.0088346,29138,0.99408,0.0071405,0.14661,0.076367,0.4892,0.076367,0.14661,0.0071405,12806,0.9925,0.068666,0.031364,0.13652,1.9488,0.13652,0.031364,0.068666,15116,0.99864,0.25065,0.49016,0.39804,2.0635,0.39804,0.49016,0.25065,1.1495e+05
1.0152,0.14737,0.31703,0.2267,0.16088,0.2267,0.31703,0.14737,3356,1.0108,0.1372,0.23463,0.1734,0.2678,0.1734,0.23463,0.1372,6999,1.0088,0.014494,0.13756,0.25569,0.049496,0.25569,0.13756,0.014494,5887,1.0055,0.039813,0.1238,0.15829,0.30259,0.15829,0.1238,0.039813,13061,1.002,0.013752,0.20142,0.051294,0.30592,0.051294,0.20142,0.013752,19657,0.99976,0.014296,0.080237,0.17454,1.2179,0.17454,0.080237,0.014296,29496,0.99529,0.033838,0.095341,0.10356,0.19169,0.10356,0.095341,0.033838,13082,0.99382,0.093613,0.12559,0.016767,1.4433,0.016767,0.12559,0.093613,15261,0.99882,0.15052,0.21389,0.34518,2.0929,0.34518,0.21389,0.15052,1.1605e+05
1.0199,0.057898,0.83933,0.10769,0.084193,0.10769,0.83933,0.057898,4170,1.014,0.023821,0.67161,0.09307,0.2964,0.09307,0.67161,0.023821,8101,1.0121,0.0057097,0.36286,0.064948,0.51179,0.064948,0.36286,0.0057097,7295,1.0074,0.0046641,0.1901,0.046564,0.43355,0.046564,0.1901,0.0046641,14307,1.0022,0.0018025,0.31561,0.037593,0.68014,0.037593,0.31561,0.0018025,20517,0.99891,0.022791,0.20583,0.082391,0.87882,0.082391,0.20583,0.022791,27517,0.99237,0.009199,0.29884,0.058986,0.17386,0.058986,0.29884,0.009199,12791,0.99131,0.014965,0.6661,0.030145,0.66213,0.030145,0.6661,0.014965,14108,0.99864,0.020618,1.1501,0.10853,1.0662,0.10853,1.1501,0.020618,1.1442e+05
1.0148,0.071471,0.71064,0.26919,0.80977,0.26919,0.71064,0.071471,2934,1.0101,0.12836,0.4988,0.10475,0.41707,0.10475,0.4988,0.12836,5762,1.0088,0.095015,0.25609,0.086132,0.26008,0.086132,0.25609,0.095015,4379,1.0054,0.02943,0.28824,0.07605,0.33587,0.07605,0.28824,0.02943,11685,1.0019,0.010795,0.44627,0.0085192,1.3913,0.0085192,0.44627,0.010795,18538,0.99992,0.012996,0.18034,0.061558,1.7642,0.061558,0.18034,0.012996,31463,0.9965,0.041483,0.3258,0.074603,0.40465,0.074603,0.3258,0.041483,12659,0.99563,0.076789,0.56174,0.061945,1.0869,0.061945,0.56174,0.076789,15594,0.99915,0.074776,0.88903,0.17498,1.8044,0.17498,0.88903,0.074776,1.2307e+05
1.0142,0.13472,0.49325,0.16896,0.14864,0.16896,0.49325,0.13472,3346,1.01,0.027457,0.41525,0.18816,0.048643,0.18816,0.41525,0.027457,6559,1.0086,0.048954,0.10381,0.33957,0.0026444,0.33957,0.10381,0.048954,4704,1.0054,0.00881,0.19491,0.011224,0.097905,0.011224,0.19491,0.00881,11393,1.002,0.010636,0.47934,0.22702,0.74525,0.22702,0.47934,0.010636,17433,1.0002,0.03253,0.33434,0.34979,1.4074,0.34979,0.33434,0.03253,29587,0.99603,0.034127,0.19262,0.098738,0.28707,0.098738,0.19262,0.034127,12656,0.9953,0.088145,0.45219,0.2929,0.60599,0.2929,0.45219,0.088145,16101,0.99895,0.15852,0.65765,0.42658,0.83188,0.42658,0.65765,0.15852,1.1991e+05
1.0129,0.29633,0.29609,0.55398,0.51528,0.55398,0.29609,0.29633,1888,1.0107,0.041514,0.4496,0.53254,1.0272,0.53254,0.4496,0.041514,4144,1.0083,0.14297,0.22194,0.1674,0.36033,0.1674,0.22194,0.14297,3006,1.0054,0.069491,0.28164,0.048957,0.041016,0.048957,0.28164,0.069491,9322,1.0022,0.042025,0.32451,0.19155,0.9317,0.19155,0.32451,0.042025,14500,1.0004,0.031143,0.11879,0.08542,1.8642,0.08542,0.11879,0.031143,30278,0.99666,0.073473,0.053662,0.30423,0.3056,0.30423,0.053662,0.073473,10717,0.99584,0.20981,0.20137,0.24197,1.9996,0.24197,0.20137,0.20981,13649,0.99931,0.18954,0.28691,0.4445,1.7519,0.4445,0.28691,0.18954,1.4259e+05
1.0151,0.19698,0.67078,0.31289,0.017177,0.31289,0.67078,0.19698,2768,1.01,0.019185,0.50805,0.16009,0.50501,0.16009,0.50805,0.019185,5036,1.0087,0.059803,0.21433,0.16655,0.13227,0.16655,0.21433,0.059803,4393,1.0055,0.039724,0.14645,0.0605,0.23382,0.0605,0.14645,0.039724,11519,1.002,0.0034174,0.10299,0.12722,1.4784,0.12722,0.10299,0.0034174,18379,0.99981,0.011141,0.23263,0.19087,1.6705,0.19087,0.23263,0.011141,29628,0.99612,0.064426,0.19033,0.093647,0.55908,0.093647,0.19033,0.064426,12224,0.99588,0.093542,0.38179,0.15901,1.2297,0.15901,0.38179,0.093542,15613,0.99921,0.050318,0.44208,0.28707,2.2091,0.28707,0.44208,0.050318,1.2922e+05
1.0193,0.059569,0.3608,0.093981,0.21279,0.093981,0.3608,0.059569,4705,1.0134,0.070552,0.20094,0.064405,0.64976,0.064405,0.20094,0.070552,6497,1.0104,0.047007,0.117,0.027144,0.099056,0.027144,0.117,0.047007,5222,1.0063,0.046431,0.065529,0.05756,0.46277,0.05756,0.065529,0.046431,11213,1.0021,0.011348,0.14573,0.095041,0.87486,0.095041,0.14573,0.011348,17166,0.99978,0.018779,0.16686,0.084659,1.3684,0.084659,0.16686,0.018779,27198,0.99456,0.070505,0.096049,0.10107,0.093241,0.10107,0.096049,0.070505,12534,0.99367,0.10576,0.088806,0.18274,1.3424,0.18274,0.088806,0.10576,15838,0.99878,0.19718,0.38835,0.28082,0.76223,0.28082,0.38835,0.19718,1.2333e+05
1.0157,0.25615,0.62759,0.090008,0.17941,0.090008,0.62759,0.25615,2912,1.0108,0.23406,0.38564,0.13375,0.088264,0.13375,0.38564,0.23406,4743,1.0084,0.050411,0.028976,0.22814,0.28195,0.22814,0.028976,0.050411,4223,1.0052,0.045163,0.30219,0.31588,0.15813,0.31588,0.30219,0.045163,11332,1.0019,0.036423,0.32517,0.083676,0.77414,0.083676,0.32517,0.036423,18207,1,0.018732,0.095837,0.19308,1.6512,0.19308,0.095837,0.018732,30508,0.99609,0.076495,0.12379,0.021848,0.20677,0.021848,0.12379,0.076495,12658,0.99571,0.035425,0.35291,0.29358,0.48203,0.29358,0.35291,0.035425,15049,0.99916,0.32099,0.17068,0.080757,1.9797,0.080757,0.17068,0.32099,1.287e+05
1.0201,0.22104,0.4968,0.28688,0.2317,0.28688,0.4968,0.22104,3073,1.0143,0.082183,0.3415,0.31187,1.0263,0.31187,0.3415,0.082183,5402,1.0105,0.071382,0.12698,0.10197,0.05303,0.10197,0.12698,0.071382,5158,1.006,0.034881,0.018474,0.17757,0.42497,0.17757,0.018474,0.034881,13152,1.0019,0.025364,0.077744,0.32881,1.8655,0.32881,0.077744,0.025364,20444,0.99972,0.014396,0.45453,0.18947,1.7669,0.18947,0.45453,0.014396,30313,0.99514,0.079439,0.074405,0.13846,0.48978,0.13846,0.074405,0.079439,12972,0.99344,0.20347,0.45173,0.16701,1.3193,0.16701,0.45173,0.20347,15068,0.99896,0.17992,0.72916,0.77855,1.2102,0.77855,0.72916,0.17992,1.2045e+05
1.0219,0.10761,0.50717,0.093005,0.48636,0.093005,0.50717,0.10761,4760,1.0157,0.088768,0.046864,0.24989,1.1958,0.24989,0.046864,0.088768,7283,1.0122,0.089803,0.18546,0.1854,0.43088,0.1854,0.18546,0.089803,5755,1.0071,0.042994,0.053169,0.039587,0.66497,0.039587,0.053169,0.042994,12590,1.0022,0.010301,0.047827,0.18766,1.1297,0.18766,0.047827,0.010301,18641,0.99984,0.025401,0.11872,0.21823,1.9213,0.21823,0.11872,0.025401,28931,0.99414,0.028982,0.14382,0.11765,0.3426,0.11765,0.14382,0.028982,13564,0.99206,0.080046,0.089154,0.1957,1.4698,0.1957,0.089154,0.080046,15709,0.99839,0.27667,0.6302,0.51729,0.79529,0.51729,0.6302,0.27667,1.1589e+05
1.0168,0.36552,0.43526,0.9316,0.84692,0.9316,0.43526,0.36552,2826,1.0133,0.15541,0.25557,0.38745,1.099,0.38745,0.25557,0.15541,5094,1.0093,0.047485,0.13702,0.14136,0.35792,0.14136,0.13702,0.047485,4667,1.0058,0.04046,0.11826,0.05372,0.7493,0.05372,0.11826,0.04046,13030,1.0019,0.0012438,0.065715,0.16294,1.459,0.16294,0.065715,0.0012438,22445,0.99956,0.041775,0.3888,0.12221,1.6691,0.12221,0.3888,0.041775,31563,0.9955,0.10473,0.18534,0.37596,0.8432,0.37596,0.18534,0.10473,13222,0.99415,0.16217,0.44305,0.083992,1.4763,0.083992,0.44305,0.16217,14221,0.99902,0.089324,0.45166,0.22754,0.29063,0.22754,0.45166,0.089324,1.2138e+05
1.0176,0.12761,0.53806,0.14566,0.055051,0.14566,0.53806,0.12761,3593,1.0121,0.038809,0.38779,0.06351,0.501,0.06351,0.38779,0.038809,5927,1.0097,0.022297,0.2069,0.056285,0.42519,0.056285,0.2069,0.022297,4950,1.0059,0.03907,0.096131,0.019379,0.66776,0.019379,0.096131,0.03907,12402,1.002,0.012563,0.14919,0.043305,1.386,0.043305,0.14919,0.012563,19755,0.99969,0.0036952,0.070111,0.13024,1.5483,0.13024,0.070111,0.0036952,29564,0.99514,0.026753,0.17545,0.079948,0.37491,0.079948,0.17545,0.026753,12720,0.99461,0.020518,0.44128,0.011169,1.0851,0.011169,0.44128,0.020518,15188,0.99909,0.02475,0.91872,0.31246,1.7643,0.31246,0.91872,0.02475,1.2289e+05
1.0144,0.2974,0.4539,0.11114,0.45604,0.11114,0.4539,0.2974,4611,1.0104,0.1873,0.53855,0.11648,0.12411,0.11648,0.53855,0.1873,6297,1.0082,0.024671,0.31596,0.11231,0.48888,0.11231,0.31596,0.024671,4199,1.0052,0.074833,0.56094,0.17982,0.22253,0.17982,0.56094,0.074833,10727,1.0019,0.018274,0.856,0.1722,1.0188,0.1722,0.856,0.018274,18196,0.99965,0.022576,0.70337,0.15946,1.0435,0.15946,0.70337,0.022576,31672,0.99626,0.12277,0.31786,0.14969,0.22071,0.14969,0.31786,0.12277,12485,0.99572,0.1078,0.68073,0.19155,0.62058,0.19155,0.68073,0.1078,16532,0.99897,0.42622,0.77696,0.18201,0.55132,0.18201,0.77696,0.42622,1.1725e+05
1.0131,0.34944,0.78792,0.70194,1.7119,0.70194,0.78792,0.34944,2709,1.0101,0.37672,0.89506,0.49963,0.40602,0.49963,0.89506,0.37672,4354,1.0092,0.24578,0.37035,0.38224,1.2167,0.38224,0.37035,0.24578,2931,1.0065,0.06443,0.22316,0.32655,0.047007,0.32655,0.22316,0.06443,9970,1.0025,0.038237,0.63445,0.41252,0.72891,0.41252,0.63445,0.038237,15833,0.99999,0.028906,0.63099,0.19502,1.4832,0.19502,0.63099,0.028906,36922,0.99652,0.096055,0.30828,0.46441,0.28325,0.46441,0.30828,0.096055,10640,0.99619,0.4742,0.74684,0.083386,0.35783,0.083386,0.74684,0.4742,15434,0.99912,0.4378,1.0177,0.36797,0.38608,0.36797,1.0177,0.4378,1.2984e+05
1.012,0.067406,1.0128,0.3245,0.36551,0.3245,1.0128,0.067406,2239,1.0082,0.08462,0.86409,0.051898,0.72593,0.051898,0.86409,0.08462,4375,1.0088,0.034982,0.44231,0.25342,0.30334,0.25342,0.44231,0.034982,2705,1.006,0.02461,0.48209,0.2184,0.6046,0.2184,0.48209,0.02461,9767,1.0023,0.0058922,0.70816,0.10267,1.3531,0.10267,0.70816,0.0058922,15942,1.0001,0.020148,0.64769,0.25161,1.8822,0.25161,0.64769,0.020148,34885,0.99756,0.12655,0.42421,0.12042,0.82766,0.12042,0.42421,0.12655,10593,0.99724,0.15048,0.76836,0.18673,0.95688,0.18673,0.76836,0.15048,16796,0.99922,0.065937,0.74821,0.17727,1.715,0.17727,0.74821,0.065937,1.2891e+05
1.017,0.099799,0.7157,0.047279,0.64578,0.047279,0.7157,0.099799,5184,1.012,0.10854,0.32583,0.017152,0.61651,0.017152,0.32583,0.10854,6749,1.0102,0.056644,0.10427,0.10335,0.58113,0.10335,0.10427,0.056644,4858,1.0062,0.070717,0.34956,0.17549,0.038686,0.17549,0.34956,0.070717,11308,1.0019,0.0048252,0.70022,0.071668,0.45521,0.071668,0.70022,0.0048252,18431,0.99933,0.037336,0.68002,0.19542,0.95245,0.19542,0.68002,0.037336,28484,0.9956,0.082152,0.24127,0.090699,0.20923,0.090699,0.24127,0.082152,11474,0.99484,0.09926,0.60285,0.061449,0.71853,0.061449,0.60285,0.09926,16995,0.99862,0.1482,0.96414,0.31045,2.9075,0.31045,0.96414,0.1482,1.1592e+05
1.0155,0.089281,0.69504,0.18164,0.52239,0.18164,0.69504,0.089281,2149,1.0101,0.10428,0.61722,0.48005,0.47605,0.48005,0.61722,0.10428,3892,1.0097,0.031365,0.32452,0.32762,0.2916,0.32762,0.32452,0.031365,2661,1.0062,0.032344,0.215,0.15955,0.20289,0.15955,0.215,0.032344,9012,1.0023,0.011927,0.54601,0.10168,0.56045,0.10168,0.54601,0.011927,13709,1.0004,0.034723,0.50423,0.29735,1.3141,0.29735,0.50423,0.034723,34889,0.9968,0.043941,0.18486,0.1457,0.14697,0.1457,0.18486,0.043941,9982,0.99718,0.051957,0.69599,0.03505,0.65646,0.03505,0.69599,0.051957,18678,0.99919,0.10539,1.1575,0.05771,0.79567,0.05771,1.1575,0.10539,1.3467e+05
1.0156,0.24099,0.64956,0.16807,0.42786,0.16807,0.64956,0.24099,3404,1.0106,0.094293,0.24947,0.14168,0.03599,0.14168,0.24947,0.094293,5422,1.0086,0.088278,0.073605,0.065463,0.45957,0.065463,0.073605,0.088278,3616,1.0057,0.0076191,0.13481,0.037769,0.19655,0.037769,0.13481,0.0076191,10284,1.0021,0.0066529,0.33938,0.031914,0.57152,0.031914,0.33938,0.0066529,16185,1,0.010161,0.3413,0.098561,1.0364,0.098561,0.3413,0.010161,31531,0.99661,0.10439,0.058186,0.036197,0.044061,0.036197,0.058186,0.10439,11812,0.99593,0.17243,0.1703,0.027154,0.61549,0.027154,0.1703,0.17243,16744,0.99899,0.21939,0.42164,0.21808,0.73297,0.21808,0.42164,0.21939,1.2497e+05
1.0201,0.036053,0.65806,0.11428,0.55183,0.11428,0.65806,0.036053,6616,1.0133,0.10585,0.44617,0.088765,0.26317,0.088765,0.44617,0.10585,7760,1.0111,0.039016,0.25382,0.036871,0.33983,0.036871,0.25382,0.039016,4963,1.0065,0.025963,0.16182,0.089933,0.009641,0.089933,0.16182,0.025963,10761,1.0021,0.034155,0.52143,0.020008,0.20609,0.020008,0.52143,0.034155,16621,0.99948,0.071299,0.44369,0.056176,0.60051,0.056176,0.44369,0.071299,27500,0.99484,0.05089,0.27724,0.17185,0.10338,0.17185,0.27724,0.05089,11654,0.99353,0.055948,0.72077,0.085402,0.078242,0.085402,0.72077,0.055948,16105,0.99855,0.068843,1.5419,0.079292,1.1837,0.079292,1.5419,0.068843,1.1611e+05
1.0133,0.29127,0.5289,0.20607,0.072673,0.20607,0.5289,0.29127,2237,1.0092,0.10543,0.63169,0.20489,1.1411,0.20489,0.63169,0.10543,3839,1.0087,0.033453,0.2814,0.23988,0.19618,0.23988,0.2814,0.033453,2683,1.006,0.040141,0.44171,0.34163,0.48048,0.34163,0.44171,0.040141,9980,1.0024,0.010074,0.62353,0.044112,1.3189,0.044112,0.62353,0.010074,17069,1,0.022594,0.61676,0.27446,1.9274,0.27446,0.61676,0.022594,37306,0.99732,0.064024,0.18839,0.17043,0.58545,0.17043,0.18839,0.064024,11110,0.99677,0.15133,0.70167,0.25259,1.1053,0.25259,0.70167,0.15133,15380,0.99929,0.14935,0.81448,0.56367,1.634,0.56367,0.81448,0.14935,1.2959e+05
1.0094,0.04286,0.66691,0.57983,0.48645,0.57983,0.66691,0.04286,1204,1.0061,0.17464,0.1757,0.25774,0.53369,0.25774,0.1757,0.17464,2144,1.0056,0.13999,0.31191,0.15999,1.0674,0.15999,0.31191,0.13999,1628,1.0036,0.11776,0.16644,0.091248,0.30626,0.091248,0.16644,0.11776,6157,1.0018,0.023546,0.3801,0.10015,0.05799,0.10015,0.3801,0.023546,9290,1.0007,0.0089598,0.33902,0.01549,0.23011,0.01549,0.33902,0.0089598,21863,0.99807,0.04525,0.18252,0.10195,0.96366,0.10195,0.18252,0.04525,7856,0.99853,0.086242,0.37091,0.12071,0.21089,0.12071,0.37091,0.086242,13668,0.99964,0.20101,3.3092,0.22984,0.24279,0.22984,3.3092,0.20101,1.6971e+05
1.0087,0.23409,0.35795,1.2919,1.9807,1.2919,0.35795,0.23409,451,1.0052,0.15487,0.11784,0.2694,0.81453,0.2694,0.11784,0.15487,1299,1.0043,0.17414,0.38415,0.21244,1.2209,0.21244,0.38415,0.17414,1033,1.0032,0.15039,0.05972,0.3843,0.63945,0.3843,0.05972,0.15039,4087,1.0017,0.007465,0.51284,0.34956,0.045871,0.34956,0.51284,0.007465,6162,1.0007,0.035013,0.14738,0.20893,0.025166,0.20893,0.14738,0.035013,17444,0.99877,0.097477,0.087168,0.13278,0.7891,0.13278,0.087168,0.097477,6348,0.99898,0.061209,0.43796,0.13875,0.025775,0.13875,0.43796,0.061209,11939,0.99977,0.12434,2.3563,0.56412,4.296,0.56412,2.3563,0.12434,1.873e+05
1.0078,0.21995,0.22022,0.74779,0.95414,0.74779,0.22022,0.21995,635,1.0051,0.29821,0.43673,0.1959,1.0236,0.1959,0.43673,0.29821,1549,1.0047,0.17205,0.15494,0.76789,0.34295,0.76789,0.15494,0.17205,1033,1.0034,0.02329,0.24303,0.22253,0.79704,0.22253,0.24303,0.02329,4336,1.0017,0.05063,0.16608,0.069746,1.0115,0.069746,0.16608,0.05063,6866,1.0009,0.010313,0.20126,0.23753,0.22362,0.23753,0.20126,0.010313,19732,0.99862,0.051465,0.12265,0.066742,1.4223,0.066742,0.12265,0.051465,6369,0.99919,0.097529,0.32232,0.13691,0.033998,0.13691,0.32232,0.097529,14363,0.99957,0.2296,1.0565,0.42945,1.6591,0.42945,1.0565,0.2296,1.7916e+05
1.0077,0.34172,0.61007,0.5588,1.9783,0.5588,0.61007,0.34172,931,1.0059,0.08319,0.096982,0.083773,0.64344,0.083773,0.096982,0.08319,2188,1.0051,0.16088,0.54729,0.19432,0.99404,0.19432,0.54729,0.16088,1670,1.0036,0.035684,0.1884,0.30217,0.4043,0.30217,0.1884,0.035684,6154,1.0017,0.040401,0.29092,0.20408,0.99403,0.20408,0.29092,0.040401,8429,1.0009,0.019625,0.27426,0.0093921,0.52336,0.0093921,0.27426,0.019625,20901,0.99849,0.025252,0.082147,0.14911,1.3056,0.14911,0.082147,0.025252,7958,0.99883,0.1183,0.097727,0.11302,0.075605,0.11302,0.097727,0.1183,14134,0.9995,0.26877,1.3782,0.50863,0.65584,0.50863,1.3782,0.26877,1.6909e+05
1.0086,0.34101,0.19015,0.47926,0.68654,0.47926,0.19015,0.34101,654,1.0059,0.27019,0.40819,0.41957,0.78604,0.41957,0.40819,0.27019,1700,1.0046,0.12344,0.19904,0.06361,1.0235,0.06361,0.19904,0.12344,1545,1.0032,0.17112,0.30936,0.10819,0.57474,0.10819,0.30936,0.17112,6281,1.0014,0.068785,0.34065,0.29992,1.0685,0.29992,0.34065,0.068785,9861,1.0006,0.029585,0.21404,0.22293,0.26782,0.22293,0.21404,0.029585,20471,0.9986,0.051565,0.21858,0.137,1.5842,0.137,0.21858,0.051565,8038,0.99862,0.10384,0.1567,0.15285,0.27852,0.15285,0.1567,0.10384,12212,0.99968,0.25173,0.17607,0.11641,3.1443,0.11641,0.17607,0.25173,1.7606e+05
1.0152,0.13511,0.34366,0.13683,0.33487,0.13683,0.34366,0.13511,3963,1.0101,0.03167,0.53979,0.055555,0.34409,0.055555,0.53979,0.03167,6073,1.0084,0.089764,0.34707,0.01592,0.118,0.01592,0.34707,0.089764,4000,1.0053,0.07894,0.43778,0.21922,0.17511,0.21922,0.43778,0.07894,10898,1.0021,0.00577,0.70744,0.19167,1.1092,0.19167,0.70744,0.00577,17543,0.99978,0.027399,0.59799,0.1981,1.3611,0.1981,0.59799,0.027399,33709,0.99631,0.064464,0.24731,0.15345,0.003454,0.15345,0.24731,0.064464,12607,0.99559,0.090976,0.58749,0.15689,0.046877,0.15689,0.58749,0.090976,15715,0.999,0.084553,0.938,0.10205,0.75623,0.10205,0.938,0.084553,1.1988e+05
1.017,0.2079,0.31477,0.17896,0.5762,0.17896,0.31477,0.2079,6000,1.0116,0.048722,0.42468,0.048853,0.026924,0.048853,0.42468,0.048722,7817,1.0093,0.0030515,0.15262,0.054944,0.10976,0.054944,0.15262,0.0030515,4502,1.0058,0.075161,0.53311,0.10083,0.23701,0.10083,0.53311,0.075161,10254,1.0023,0.012689,0.75496,0.23003,0.74401,0.23003,0.75496,0.012689,15784,0.99962,0.033084,0.64652,0.16486,0.91108,0.16486,0.64652,0.033084,29245,0.99547,0.076372,0.31812,0.13646,0.19039,0.13646,0.31812,0.076372,11368,0.99396,0.095608,0.70464,0.12735,0.39028,0.12735,0.70464,0.095608,15557,0.99862,0.30891,0.90448,0.25791,0.46019,0.25791,0.90448,0.30891,1.1737e+05
1.0179,0.079583,0.64527,0.17283,0.82473,0.17283,0.64527,0.079583,5924,1.0127,0.017037,0.44542,0.10314,0.1259,0.10314,0.44542,0.017037,6831,1.0102,0.085175,0.18708,0.081194,0.17874,0.081194,0.18708,0.085175,4469,1.0055,0.018892,0.38073,0.082479,0.32229,0.082479,0.38073,0.018892,9981,1.0019,0.0047521,0.66459,0.12999,0.77924,0.12999,0.66459,0.0047521,16107,0.99967,0.010674,0.53554,0.11456,1.0646,0.11456,0.53554,0.010674,30534,0.99531,0.077617,0.27854,0.086533,0.092858,0.086533,0.27854,0.077617,12303,0.99439,0.078566,0.71672,0.052896,0.17645,0.052896,0.71672,0.078566,16683,0.99877,0.16257,1.3905,0.18464,0.59133,0.18464,1.3905,0.16257,1.189e+05
1.0189,0.23432,0.36498,0.99896,0.94543,0.99896,0.36498,0.23432,1139,1.0163,0.20656,0.2753,0.7655,1.7481,0.7655,0.2753,0.20656,3160,1.0107,0.17066,0.3558,0.29851,0.28704,0.29851,0.3558,0.17066,2804,1.007,0.05273,0.35754,0.25987,0.24863,0.25987,0.35754,0.05273,9148,1.0026,0.067936,0.30705,0.14759,0.55784,0.14759,0.30705,0.067936,16921,1.0009,0.022796,0.17643,0.17842,2.3938,0.17842,0.17643,0.022796,28678,0.99638,0.059366,0.1814,0.23363,0.084147,0.23363,0.1814,0.059366,9779,0.99545,0.13567,0.65158,0.33248,2.0214,0.33248,0.65158,0.13567,12943,0.99936,0.37566,1.2658,0.34455,2.0481,0.34455,1.2658,0.37566,1.4903e+05
1.0242,0.25239,0.18007,1.2461,0.8529,1.2461,0.18007,0.25239,1567,1.0173,0.30626,0.39544,0.52017,2.481,0.52017,0.39544,0.30626,3498,1.0114,0.129,0.42536,0.79686,0.63292,0.79686,0.42536,0.129,3361,1.0073,0.061247,0.41709,0.09902,0.29251,0.09902,0.41709,0.061247,9316,1.0027,0.024334,0.35926,0.32652,1.539,0.32652,0.35926,0.024334,17377,1.0006,0.016763,0.024531,0.33057,2.2233,0.33057,0.024531,0.016763,28090,0.99632,0.15571,0.26214,0.50714,0.77868,0.50714,0.26214,0.15571,10701,0.99494,0.083502,0.33571,0.079996,2.2625,0.079996,0.33571,0.083502,13405,0.99931,0.31713,0.14349,0.46164,1.9375,0.46164,0.14349,0.31713,1.4567e+05
1.0209,0.13434,0.57317,1.3065,2.3704,1.3065,0.57317,0.13434,1398,1.0156,0.27053,0.14444,0.21999,2.4414,0.21999,0.14444,0.27053,3184,1.0111,0.093816,0.13069,0.35508,0.59662,0.35508,0.13069,0.093816,2674,1.0073,0.074511,0.051624,0.37455,0.53463,0.37455,0.051624,0.074511,8924,1.0025,0.049459,0.28094,0.30047,1.1055,0.30047,0.28094,0.049459,16839,1.0012,0.045294,0.14122,0.28559,2.4456,0.28559,0.14122,0.045294,28194,0.99661,0.074075,0.17062,0.49404,0.18426,0.49404,0.17062,0.074075,10220,0.99556,0.093497,0.24775,0.088792,2.1554,0.088792,0.24775,0.093497,13163,0.99932,0.31337,0.68733,0.28552,1.8922,0.28552,0.68733,0.31337,1.4912e+05
1.0152,0.16149,1.3226,1.2208,3.0178,1.2208,1.3226,0.16149,993,1.0103,0.23797,0.54881,1.7795,3.0905,1.7795,0.54881,0.23797,2747,1.0089,0.30951,0.12155,0.43013,0.63266,0.43013,0.12155,0.30951,2381,1.0065,0.10165,0.39422,0.10856,0.29252,0.10856,0.39422,0.10165,8376,1.0026,0.071895,0.40403,0.58001,0.35761,0.58001,0.40403,0.071895,15789,1.0012,0.093323,0.13489,0.4674,2.4114,0.4674,0.13489,0.093323,28009,0.99686,0.10098,0.18277,0.80482,0.0035238,0.80482,0.18277,0.10098,9588,0.99604,0.10744,0.24322,0.2747,1.9099,0.2747,0.24322,0.10744,11989,0.99944,0.39306,0.35241,0.44194,1.9159,0.44194,0.35241,0.39306,1.5533e+05
1.0251,0.19691,0.47518,0.15359,0.082455,0.15359,0.47518,0.19691,3984,1.0169,0.20732,0.28192,0.18825,0.73427,0.18825,0.28192,0.20732,6045,1.0138,0.0927,0.051513,0.072222,0.63884,0.072222,0.051513,0.0927,6019,1.0088,0.02256,0.23747,0.10543,1.1113,0.10543,0.23747,0.02256,13971,1.0027,0.03614,0.092755,0.11982,1.1496,0.11982,0.092755,0.03614,26025,0.99937,0.035866,0.44653,0.075199,1.5598,0.075199,0.44653,0.035866,28262,0.99366,0.022413,0.14988,0.17519,0.15022,0.17519,0.14988,0.022413,13586,0.99049,0.12246,0.20978,0.097884,2.8386,0.097884,0.20978,0.12246,15358,0.9986,0.11519,0.24758,0.13374,3.4897,0.13374,0.24758,0.11519,1.1479e+05
1.028,0.098969,0.27621,0.16501,0.59485,0.16501,0.27621,0.098969,4986,1.0195,0.028505,0.13714,0.041148,0.20193,0.041148,0.13714,0.028505,6936,1.0149,0.038942,0.14298,0.033327,0.54227,0.033327,0.14298,0.038942,7801,1.0088,0.010396,0.14296,0.010302,0.050294,0.010302,0.14296,0.010396,15594,1.002,0.019281,0.28365,0.11104,0.22683,0.11104,0.28365,0.019281,24326,0.99802,0.013877,0.050452,0.14129,0.88632,0.14129,0.050452,0.013877,26675,0.991,0.014452,0.11223,0.090613,0.010885,0.090613,0.11223,0.014452,13388,0.98854,0.10574,0.27603,0.18847,0.50518,0.18847,0.27603,0.10574,13183,0.99844,0.213,0.47077,0.46339,0.015854,0.46339,0.47077,0.213,1.1412e+05
1.0249,0.2573,0.59739,0.25464,0.079769,0.25464,0.59739,0.2573,3964,1.0178,0.21934,0.026324,0.043121,0.65433,0.043121,0.026324,0.21934,5838,1.0138,0.080761,0.072218,0.069245,0.0015605,0.069245,0.072218,0.080761,5813,1.0078,0.025044,0.041921,0.21268,0.44201,0.21268,0.041921,0.025044,13064,1.0023,0.045718,0.21216,0.062464,0.89123,0.062464,0.21216,0.045718,23240,0.999,0.031507,0.4192,0.14788,1.4382,0.14788,0.4192,0.031507,26867,0.99359,0.042222,0.20182,0.10441,0.2386,0.10441,0.20182,0.042222,12398,0.99097,0.14029,0.27792,0.1445,2.2466,0.1445,0.27792,0.14029,13933,0.99882,0.31317,0.68653,0.14007,2.1138,0.14007,0.68653,0.31317,1.2359e+05
1.0215,0.19242,0.67565,0.12028,0.41946,0.12028,0.67565,0.19242,3459,1.0146,0.05847,0.4715,0.065245,0.044663,0.065245,0.4715,0.05847,5421,1.0114,0.045929,0.25363,0.071028,0.40478,0.071028,0.25363,0.045929,5773,1.0069,0.010056,0.1779,0.024686,0.16096,0.024686,0.1779,0.010056,14760,1.0018,0.0047393,0.21546,0.010279,0.40669,0.010279,0.21546,0.0047393,26344,0.99868,0.019451,0.13589,0.0091288,0.87381,0.0091288,0.13589,0.019451,30001,0.99417,0.057161,0.29966,0.080541,0.20373,0.080541,0.29966,0.057161,13372,0.99314,0.0097549,0.70752,0.043578,0.37067,0.043578,0.70752,0.0097549,14228,0.99907,0.016149,1.4343,0.1608,0.32707,0.1608,1.4343,0.016149,1.1569e+05
1.0292,0.20851,0.57328,0.26184,0.3181,0.26184,0.57328,0.20851,3894,1.0197,0.21787,0.25309,0.074257,0.21177,0.074257,0.25309,0.21787,5735,1.0144,0.031384,0.19629,0.11946,0.37997,0.11946,0.19629,0.031384,6108,1.0082,0.044651,0.092862,0.15859,0.11679,0.15859,0.092862,0.044651,14061,1.0021,0.021711,0.29378,0.029691,0.49504,0.029691,0.29378,0.021711,25697,0.99866,0.0039087,0.12539,0.2186,1.0944,0.2186,0.12539,0.0039087,27737,0.99311,0.051199,0.17984,0.065091,0.32915,0.065091,0.17984,0.051199,12706,0.99104,0.13858,0.37439,0.28605,1.3536,0.28605,0.37439,0.13858,14287,0.99872,0.093227,1.1645,0.76753,0.10226,0.76753,1.1645,0.093227,1.1893e+05
1.0271,0.31957,0.54242,0.20483,0.43319,0.20483,0.54242,0.31957,4356,1.0194,0.27766,0.16835,0.2601,0.30911,0.2601,0.16835,0.27766,6228,1.0149,0.18766,0.10389,0.095777,0.071475,0.095777,0.10389,0.18766,6462,1.0081,0.015076,0.15974,0.098125,0.34335,0.098125,0.15974,0.015076,14800,1.0021,0.035409,0.10245,0.033509,0.82617,0.033509,0.10245,0.035409,26681,0.99869,0.061796,0.45768,0.11478,1.4162,0.11478,0.45768,0.061796,29239,0.99249,0.057641,0.12518,0.25571,0.59709,0.25571,0.12518,0.057641,12877,0.9884,0.059333,0.61248,0.15055,1.4643,0.15055,0.61248,0.059333,13326,0.99844,0.13523,0.63007,0.39492,0.25646,0.39492,0.63007,0.13523,1.1413e+05
1.0292,0.21062,0.34673,0.21824,0.092766,0.21824,0.34673,0.21062,4436,1.0198,0.2156,0.10345,0.13586,0.38316,0.13586,0.10345,0.2156,6587,1.0139,0.022874,0.057326,0.099817,0.20918,0.099817,0.057326,0.022874,6659,1.0077,0.058676,0.011115,0.14903,0.25228,0.14903,0.011115,0.058676,13980,1.0016,0.033893,0.043635,0.047619,0.52285,0.047619,0.043635,0.033893,24340,0.99826,0.039269,0.33697,0.14027,1.096,0.14027,0.33697,0.039269,26539,0.99224,0.054804,0.070921,0.11628,0.10815,0.11628,0.070921,0.054804,13135,0.98923,0.10183,0.33904,0.19352,1.3968,0.19352,0.33904,0.10183,13814,0.99864,0.39839,0.35592,0.43407,0.87084,0.43407,0.35592,0.39839,1.17e+05
1.0242,0.37121,0.74826,0.25462,0.76792,0.25462,0.74826,0.37121,3863,1.0176,0.2231,0.61182,0.15526,0.21244,0.15526,0.61182,0.2231,6121,1.0131,0.046018,0.32288,0.09774,0.59101,0.09774,0.32288,0.046018,6328,1.0073,0.017648,0.18777,0.13501,0.065261,0.13501,0.18777,0.017648,14496,1.0015,0.015387,0.1182,0.16539,0.64298,0.16539,0.1182,0.015387,24785,0.99849,0.040187,0.34734,0.18391,1.32,0.18391,0.34734,0.040187,28435,0.99326,0.053664,0.23769,0.11333,0.013479,0.11333,0.23769,0.053664,12571,0.99148,0.021921,0.92224,0.1646,1.5874,0.1646,0.92224,0.021921,13722,0.9988,0.20839,1.9937,0.24139,0.51646,0.24139,1.9937,0.20839,1.1771e+05
1.0204,0.46713,0.59398,0.54181,0.21255,0.54181,0.59398,0.46713,3457,1.0147,0.37252,0.45641,0.18746,0.49542,0.18746,0.45641,0.37252,5494,1.0124,0.08211,0.25521,0.36374,0.9038,0.36374,0.25521,0.08211,5574,1.0078,0.012678,0.16135,0.14564,0.80693,0.14564,0.16135,0.012678,14166,1.0019,0.015024,0.23664,0.17013,1.0056,0.17013,0.23664,0.015024,27217,0.99909,0.053679,0.45018,0.2643,1.6107,0.2643,0.45018,0.053679,30114,0.9942,0.092565,0.23773,0.39245,0.60327,0.39245,0.23773,0.092565,12794,0.9923,0.15866,0.76889,0.08235,2.3485,0.08235,0.76889,0.15866,13842,0.99901,0.20554,1.8664,0.32057,1.9137,0.32057,1.8664,0.20554,1.1663e+05
1.0251,0.45649,0.68354,0.45047,0.37626,0.45047,0.68354,0.45649,4199,1.0177,0.38581,0.49549,0.25976,0.23317,0.25976,0.49549,0.38581,5993,1.0127,0.0041059,0.21378,0.1473,0.18803,0.1473,0.21378,0.0041059,6074,1.0077,0.05754,0.2337,0.16894,0.85832,0.16894,0.2337,0.05754,14723,1.002,0.017692,0.28532,0.25908,1.1737,0.25908,0.28532,0.017692,27404,0.99876,0.054681,0.42053,0.24298,1.5495,0.24298,0.42053,0.054681,30731,0.99335,0.086632,0.27378,0.015201,0.38248,0.015201,0.27378,0.086632,13182,0.99082,0.18011,1.0429,0.11664,1.5707,0.11664,1.0429,0.18011,13756,0.99879,0.28315,1.785,0.0369,0.23511,0.0369,1.785,0.28315,1.1316e+05
1.0211,0.11238,0.85109,0.055608,0.067082,0.055608,0.85109,0.11238,3561,1.0142,0.060204,0.46783,0.032319,0.14558,0.032319,0.46783,0.060204,6403,1.011,0.03326,0.30894,0.075364,0.34274,0.075364,0.30894,0.03326,5680,1.0062,0.018189,0.15609,0.14826,0.11189,0.14826,0.15609,0.018189,13977,1.0015,0.0010502,0.2861,0.097201,0.50268,0.097201,0.2861,0.0010502,25073,0.99891,0.020645,0.084945,0.051943,1.0081,0.051943,0.084945,0.020645,30242,0.99422,0.040804,0.21424,0.0090993,0.21091,0.0090993,0.21424,0.040804,13105,0.99329,0.060967,0.54369,0.05539,0.06813,0.05539,0.54369,0.060967,13929,0.99903,0.13182,1.2566,0.14792,0.26055,0.14792,1.2566,0.13182,1.1525e+05
1.028,0.16333,0.62603,0.081226,0.45335,0.081226,0.62603,0.16333,5016,1.0187,0.077018,0.35448,0.12232,0.28756,0.12232,0.35448,0.077018,7058,1.0143,0.031843,0.17341,0.07305,0.35173,0.07305,0.17341,0.031843,6948,1.0084,0.01066,0.15456,0.1418,0.2896,0.1418,0.15456,0.01066,14676,1.0021,0.01566,0.28524,0.032036,0.45498,0.032036,0.28524,0.01566,25109,0.9985,0.013745,0.062339,0.11076,0.89372,0.11076,0.062339,0.013745,26870,0.99194,0.056508,0.20251,0.074623,0.13801,0.074623,0.20251,0.056508,13155,0.98936,0.028082,0.40776,0.12832,0.52467,0.12832,0.40776,0.028082,14621,0.99847,0.13165,0.82445,0.264,1.082,0.264,0.82445,0.13165,1.1257e+05
1.022,0.20249,0.11494,0.25199,0.75255,0.25199,0.11494,0.20249,2708,1.0152,0.052371,0.1686,0.27794,0.1963,0.27794,0.1686,0.052371,4512,1.0119,0.09705,0.0754,0.097604,0.13469,0.097604,0.0754,0.09705,4875,1.0072,0.062751,0.15189,0.27537,0.32729,0.27537,0.15189,0.062751,13885,1.0018,0.0048239,0.24847,0.077087,0.8861,0.077087,0.24847,0.0048239,26017,0.99934,0.033458,0.61085,0.36509,1.5547,0.36509,0.61085,0.033458,28691,0.9944,0.16079,0.17337,0.11529,0.23679,0.11529,0.17337,0.16079,12469,0.99347,0.21574,0.27302,0.51041,1.1344,0.51041,0.27302,0.21574,13454,0.99918,0.27438,1.1473,0.64776,1.2654,0.64776,1.1473,0.27438,1.2523e+05
1.0235,0.028412,0.61987,0.23387,0.58731,0.23387,0.61987,0.028412,3702,1.0161,0.16927,0.42929,0.12849,0.38677,0.12849,0.42929,0.16927,5724,1.0122,0.022344,0.16718,0.18617,0.58896,0.18617,0.16718,0.022344,6501,1.0074,0.0010362,0.16311,0.053985,0.25423,0.053985,0.16311,0.0010362,15702,1.0016,0.01868,0.16445,0.088338,0.1073,0.088338,0.16445,0.01868,27180,0.99846,0.011432,0.18222,0.32239,1.0912,0.32239,0.18222,0.011432,30340,0.99295,0.061911,0.1472,0.093199,0.1224,0.093199,0.1472,0.061911,13022,0.99105,0.079919,0.44012,0.17626,0.9148,0.17626,0.44012,0.079919,12609,0.99884,0.28958,1.5913,0.18194,1.063,0.18194,1.5913,0.28958,1.1416e+05
1.0273,0.043917,0.56208,0.22058,0.29863,0.22058,0.56208,0.043917,4368,1.018,0.051299,0.40701,0.0015972,0.21405,0.0015972,0.40701,0.051299,6590,1.0139,0.015217,0.20135,0.067015,0.3148,0.067015,0.20135,0.015217,7537,1.0081,0.01887,0.1234,0.062762,0.077377,0.062762,0.1234,0.01887,15599,1.0018,0.0044,0.3267,0.014565,0.57796,0.014565,0.3267,0.0044,24043,0.99837,0.016296,0.23648,0.11981,0.8221,0.11981,0.23648,0.016296,28183,0.99187,0.042575,0.21221,0.10738,0.02399,0.10738,0.21221,0.042575,13517,0.99047,0.058893,0.63521,0.018715,0.30242,0.018715,0.63521,0.058893,13447,0.99866,0.13531,1.4496,0.34027,1.0046,0.34027,1.4496,0.13531,1.1404e+05
1.027,0.072339,0.91376,0.13477,0.1285,0.13477,0.91376,0.072339,4493,1.0173,0.009082,0.47451,0.066046,0.070179,0.066046,0.47451,0.009082,6752,1.0138,0.022735,0.18666,0.12824,0.15362,0.12824,0.18666,0.022735,7102,1.0078,0.012458,0.13992,0.067994,0.0027838,0.067994,0.13992,0.012458,14644,1.0019,0.0037418,0.29259,0.059556,0.39067,0.059556,0.29259,0.0037418,24799,0.99838,0.0068149,0.175,0.020138,0.8373,0.020138,0.175,0.0068149,28102,0.99234,0.038303,0.30089,0.027485,0.0059191,0.027485,0.30089,0.038303,13046,0.99088,0.019491,0.55955,0.13773,0.45381,0.13773,0.55955,0.019491,14242,0.9987,0.070496,1.2957,0.14399,0.46433,0.14399,1.2957,0.070496,1.1334e+05
